"serial_no","category","intm_id","page","name","trade_name","registration_no","email","telephone","fax_no","address","contact_person","correspondence_address","correspondence_email","correspondence_telephone","correspondence_fax","website","exchange_name","emails_all","phone_numbers_all","validity","source_url"
"1","Registered Portfolio Managers","33","1","1729 Advisors LLP","","INP000008464","Deepak@1729advisors.com","0008826758135","","B-1/ B, Near Signature Tower,, South City-1, DLF QE, Gurgaon Dlf qe, GURUGRAM, HARYANA, 122002","Radhika Vaz","B-1/ B, Near Signature Tower, South City-1, DLF QE, Gurgaon Dlf qe, GURUGRAM, HARYANA, 122002","","","","","","Deepak@1729advisors.com","0008826758135","Dec 13, 2023 - Perpetual","https://www.sebi.gov.in/sebiweb/other/OtherAction.do?doRecognisedFpi=yes&intmId=33"
"2","Registered Portfolio Managers","33","1","2POINT2 CAPITAL ADVISORS LLP","","INP000005190","arvind@2point2capital.com","002249709470","002249709470","D-907, Oberoi Splendor, Opp. Majas Depot,, J.V. Link Road, Andheri East, MUMBAI, MAHARASHTRA, 400060","Arvind Kumar Patwa","914, The Summit Business Bay, Near W.E. Highway Metro Station, Andheri East, MUMBAI, MAHARASHTRA, 400093","","","","","","arvind@2point2capital.com","002249709470","Jun 30, 2016 - Perpetual","https://www.sebi.gov.in/sebiweb/other/OtherAction.do?doRecognisedFpi=yes&intmId=33"
"3","Registered Portfolio Managers","33","1","360 ONE Alternates Asset Management Limited","","INP000008640","pmscompliance@360.one","9102248765600","9102248765600","360 ONE Centre, Kamala City, Lower Parel West, MUMBAI, MAHARASHTRA, 400013","Chirag Gandhi","360 ONE Centre, Kamala City, Lower Parel West, MUMBAI, MAHARASHTRA, 400013","","","","","","pmscompliance@360.one","9102248765600","Mar 27, 2024 - Perpetual","https://www.sebi.gov.in/sebiweb/other/OtherAction.do?doRecognisedFpi=yes&intmId=33"
"4","Registered Portfolio Managers","33","1","360 ONE Asset Management Limited","","INP000004565","pmscompliance@360.one","9102248765496","9102248765496","6th Floor, IIFL Centre, Kamala City,, Senapati Bapat Marg, Lower Parel,, MUMBAI, MAHARASHTRA, 400013","Chinmayi Wagle","IIFL Centre, Kamala City, Senapati Bapat Marg, Lower Parel, MUMBAI, MAHARASHTRA, 400013","","","","https://www.360.one/asset-management/pms/","","pmscompliance@360.one","9102248765496","Sep 25, 2014 - Perpetual","https://www.sebi.gov.in/sebiweb/other/OtherAction.do?doRecognisedFpi=yes&intmId=33"
"5","Registered Portfolio Managers","33","1","360 ONE PORTFOLIO MANAGERS LIMITED","","INP000005874","regcompliance@iiflw.com","9102248765496","9102248765496","IIFL Centre, Kamala City, Senapati Bapat Marg, Lower Parel West, MUMBAI, MAHARASHTRA, 400013","Purva Joshi","IIFL Centre, Kamala City, Senapati Bapat Marg, Lower Parel, MUMBAI, MAHARASHTRA, 400013","","","","360.one/wealth-management/portfolio-managers/","","regcompliance@iiflw.com","9102248765496","Nov 28, 2017 - Perpetual","https://www.sebi.gov.in/sebiweb/other/OtherAction.do?doRecognisedFpi=yes&intmId=33"
"6","Registered Portfolio Managers","33","1","A C CHOKSI SHARE BROKERS PRIVATE LIMITED","","INP000004730","","02261595100","02261595100","II ITTS HOUSE, 33 SRI SAI BABA MARG,, KALAGHODA, FORT., MUMBAI, MAHARASHTRA, 400001","ASHVIN C CHOKSI","II ITTS HOUSE, 33 SRI SAI BABA MARG, KALAGHODA, FORT., MUMBAI, MAHARASHTRA, 400001","","","","","","","02261595100","Jul 07, 2015 - Perpetual","https://www.sebi.gov.in/sebiweb/other/OtherAction.do?doRecognisedFpi=yes&intmId=33"
"7","Registered Portfolio Managers","33","1","A. K. WEALTH MANAGEMENT PRIVATE LIMITED","","INP000003674","cs@akgroup.co.in","912267546500","912266100594","603, 6TH FLOOR, WINDSOR, OFF CST ROAD,, KALINA, SANTACRUZ (EAST), MUMBAI, MAHARASHTRA, 400098","Tejas Dawda","603, 6TH FLOOR, WINDSOR, OFF CST ROAD, KALINA, SANTACRUZ (EAST), MUMBAI, MAHARASHTRA, 400098","","","","akgroup.co.in/","","cs@akgroup.co.in","912267546500","May 30, 2016 - Perpetual","https://www.sebi.gov.in/sebiweb/other/OtherAction.do?doRecognisedFpi=yes&intmId=33"
"8","Registered Portfolio Managers","33","1","AAROHAN HOLDINGS AND ADVISORS PRIVATE LIMITED","","INP000004599","prabir.chatterjee@aarohanfinance.com","91404023546894","91404023546894","8 2 120 77 A, FIRST FLOOR, ROAD NO. 2, BANJARA HILLS, HYDERABAD, ANDHRA PRADESH, 500034","PRABIR CHATTERJEE","701 RICK ASHE BUILDING ST ANTHONY ROAD, BANDRA WEST, MUMBAI, MAHARASHTRA, 400050","","","","aarohanfinance.com/","","prabir.chatterjee@aarohanfinance.com","91404023546894","Dec 17, 2014 - Perpetual","https://www.sebi.gov.in/sebiweb/other/OtherAction.do?doRecognisedFpi=yes&intmId=33"
"9","Registered Portfolio Managers","33","1","Aavishkaar Advisors Private Limited","","INP000008224","accountsavms@aavishkaar.in","91222261248900","91222261248900","Unit no 202, 203, 204, 2nd floor, Naman Centre, G Block, Bandra Kurla Complex, Bandra East, MUMBAI, MAHARASHTRA, 400051","Shyamkant Joshi","Unit no 202, 203, 204, 2nd floor, Naman Centre, G Block, Bandra Kurla Complex, Bandra East, MUMBAI, MAHARASHTRA, 400051","","","","aavishkaarcapital.in/","","accountsavms@aavishkaar.in","91222261248900","Aug 07, 2023 - Perpetual","https://www.sebi.gov.in/sebiweb/other/OtherAction.do?doRecognisedFpi=yes&intmId=33"
"10","Registered Portfolio Managers","33","1","Abakkus Asset Manager Private Limited","","INP000006457","","","","","","","","","","","","","","Mar 14, 2019 - Perpetual","https://www.sebi.gov.in/sebiweb/other/OtherAction.do?doRecognisedFpi=yes&intmId=33"
"11","Registered Portfolio Managers","33","1","Abakkus Investment Managers Private Limited","","INP000009959","lijo.varghese@abakkusinvest.com","91919819032286","91919819032286","6th Floor, Param House, Shanti Nagar, Near Grand Hyatt,, Santacruz East,, MUMBAI, MAHARASHTRA, 400055","Lijo Varghese","Abakkus Corporate Centre, 9th Floor, Param House, Shanti Nagar, Near Grand Hyatt, Off Santacruz Chembur Link Road, Santacruz East, MUMBAI, MAHARASHTRA, 400055","","","","https://www.abakkusmf.com/","","lijo.varghese@abakkusinvest.com","91919819032286","Apr 24, 2026 - Perpetual","https://www.sebi.gov.in/sebiweb/other/OtherAction.do?doRecognisedFpi=yes&intmId=33"
"12","Registered Portfolio Managers","33","1","ABANS BROKING SERVICES PRIVATE LIMITED","","INP000006484","","","","","","","","","","","","","","Mar 27, 2019 - Perpetual","https://www.sebi.gov.in/sebiweb/other/OtherAction.do?doRecognisedFpi=yes&intmId=33"
"13","Registered Portfolio Managers","33","1","ABCHLOR INVESTMENTS PRIVATE LIMITED","","INP000004904","himanshu@abchlor.com","02202240713322","02202240713322","409, Laxmi Mall, New Link Road, Andheri West, MUMBAI, MAHARASHTRA, 400053","HIMANSHU PERIWAL","409 Laxmi Mall New Link Road, Andheri West, MUMBAI, MAHARASHTRA, 400053","","","","www.investonline.in","","himanshu@abchlor.com","02202240713322","Nov 10, 2015 - Perpetual","https://www.sebi.gov.in/sebiweb/other/OtherAction.do?doRecognisedFpi=yes&intmId=33"
"14","Registered Portfolio Managers","33","1","ABN Capital Asset Managers LLP","","INP000009685","apurva@abncapital.in","00919820817940","00919820817940","Flat No - 903, 9th Floor, West Side, Godrej Platinium Tower B-2, Pirojsha Nagar, Vikhroli,, MUMBAI, MAHARASHTRA, 400079","Apurva Iyer","B-308, Damji Shamji Corporate Square, Ghatkopar East, Mumbai, MUMBAI, MAHARASHTRA, 400075","","","","https://www.abncapital.in/","","apurva@abncapital.in","00919820817940","Nov 07, 2025 - Perpetual","https://www.sebi.gov.in/sebiweb/other/OtherAction.do?doRecognisedFpi=yes&intmId=33"
"15","Registered Portfolio Managers","33","1","ACCELT ASSET MANAGEMENT LLP","","INP000009010","info@acceltasset.com","00918777614514","00918777614514","302, Kaveri Commercial Chs Ltd, Kaveri Building, Jagannath Mandir Road, Sakinaka, MUMBAI, MAHARASHTRA, 400072","Saurav Agarwal","302, Kaveri Commercial Chs Ltd, Kaveri Building, Jagannath Mandir Road, Sakinaka, MUMBAI, MAHARASHTRA, 400072","","","","acceltasset.com/","","info@acceltasset.com","00918777614514","Sep 26, 2024 - Perpetual","https://www.sebi.gov.in/sebiweb/other/OtherAction.do?doRecognisedFpi=yes&intmId=33"
"16","Registered Portfolio Managers","33","1","Accuracap Consultancy Services Private Limited","","INP000008844","SB_ACCESS@ACCURACAP.COM","91919821653556","","2nd FLOOR 61 PANCHKUIAN ROAD, DELHI, NATIONAL CAPITAL TERRITORY OF DELHI, 110001","ISHU SINGHANIA","OFFICE NO 19, 9TH FLOOR , WAVE 1ST SILVER TOWER SECTOR 18, NOIDA, UTTAR PRADESH, 201301","","","","www.accuracap.com","","SB_ACCESS@ACCURACAP.COM","91919821653556","Jul 25, 2024 - Perpetual","https://www.sebi.gov.in/sebiweb/other/OtherAction.do?doRecognisedFpi=yes&intmId=33"
"17","Registered Portfolio Managers","33","1","ACEPRO ADVISORS PRIVATE LIMITED","","INP000004854","","26528671","26528671","401 4th Floor Manek Plaza , 167 Vidyanagari Marg Kalina Santacruz E, MUMBAI, MAHARASHTRA, 400098","Nikhil Arya","159/11, Amar Brass Compound, Vidya Nagri Marg, Kalina, Santacruz (East), MUMBAI, MAHARASHTRA, 400098","","","","acepro.in","","","26528671","Sep 30, 2015 - Perpetual","https://www.sebi.gov.in/sebiweb/other/OtherAction.do?doRecognisedFpi=yes&intmId=33"
"18","Registered Portfolio Managers","33","1","ACHINTYA SECURITIES LIMITED","","INP000006350","info@achintya.co.in","005126670700","","12th Floor, Unit No 1208, Dalal Street, Block No. 53 Building No. 53E, Road 5E, Zone 5, Gift City, Gandhi Nagar, GANDHINAGAR, GUJARAT, 382355","SUYASH BANSAL","Achintya Tower, 7/118E, SWAROOP NAGAR, KANPUR, UTTAR PRADESH, 208002","","","","","","info@achintya.co.in","005126670700","Jan 16, 2019 - Perpetual","https://www.sebi.gov.in/sebiweb/other/OtherAction.do?doRecognisedFpi=yes&intmId=33"
"19","Registered Portfolio Managers","33","1","ADITYA BIRLA MONEY LIMITED","","INP000003757","","04439140403","04439140403","Indian Rayon Compound, Veraval, GUJARAT, 362266","Ravishankar Gopalan","ALi Centre, 53, Greams Road, CHENNAI, TAMIL NADU, 600006","","","","","","","04439140403","Aug 14, 2016 - Perpetual","https://www.sebi.gov.in/sebiweb/other/OtherAction.do?doRecognisedFpi=yes&intmId=33"
"20","Registered Portfolio Managers","33","1","Aditya Birla Sun Life AMC Limited","","INP000000597","","","","","","","","","","","","","","Feb 01, 2017 - Perpetual","https://www.sebi.gov.in/sebiweb/other/OtherAction.do?doRecognisedFpi=yes&intmId=33"
"21","Registered Portfolio Managers","33","1","ADROIT FINANCIAL SERVICES PRIVATE LIMITED","","INP000005349","","","","401-402, 4th Floor, , Angel Mega Mall, Kaushambi, GHAZIABAD, UTTAR PRADESH, 201010","","401-402, 4th Floor, Angel Mega Mall, Kaushambi, GHAZIABAD, UTTAR PRADESH, 201010","","","","adroitfinancial.com","","","","Feb 28, 2017 - Perpetual","https://www.sebi.gov.in/sebiweb/other/OtherAction.do?doRecognisedFpi=yes&intmId=33"
"22","Registered Portfolio Managers","33","1","AEQUITAS INVESTMENT CONSULTANCY PRIVATE LIMITED","","INP000004417","neerav.shah@aequitasindia.in","0222659 2126","0222659 2126","A 1003, The Capital Building, , Behind ICICI Bank, BKC, Bandra East, MUMBAI, MAHARASHTRA, 400051","Neerav Shah","1003, The Capital Building, BKC, MUMBAI, MAHARASHTRA, 400051","","","","","","neerav.shah@aequitasindia.in","0222659 2126","Dec 26, 2015 - Perpetual","https://www.sebi.gov.in/sebiweb/other/OtherAction.do?doRecognisedFpi=yes&intmId=33"
"23","Registered Portfolio Managers","33","1","Affirma Capital Investment Adviser India Private Limited","","INP000008321","","","","","","","","","","","","","","Oct 03, 2023 - Perpetual","https://www.sebi.gov.in/sebiweb/other/OtherAction.do?doRecognisedFpi=yes&intmId=33"
"24","Registered Portfolio Managers","33","1","Agreya Capital Advisors LLP","","INP000006077","krishnan@agreyacapital.com","008041690158","008041690158","No. 360, 6th Main, 1st Block,, Koramangala, BANGALORE, KARNATAKA, 560034","KRISHNAN V","No. 360, 6th Main, 1st Block, Koramangala, BANGALORE, KARNATAKA, 560034","","","","","","krishnan@agreyacapital.com","008041690158","Jul 18, 2018 - Perpetual","https://www.sebi.gov.in/sebiweb/other/OtherAction.do?doRecognisedFpi=yes&intmId=33"
"25","Registered Portfolio Managers","33","1","AIALPHA FINANCIAL ADVISORY SERVICES PRIVATE LIMITED","","INP000009296","saji@aialpha.in","9107977092624","9107977092624","7A, Infra Gallant, Layam Road, KOCHI, KERALA, 682011","SAJI SUNILKUMAR","7A, Infra Gallant, Layam Road, KOCHI, KERALA, 682011","","","","","","saji@aialpha.in","9107977092624","Mar 03, 2025 - Perpetual","https://www.sebi.gov.in/sebiweb/other/OtherAction.do?doRecognisedFpi=yes&intmId=33"
"26","Registered Portfolio Managers","33","2","Aikyam Capital Management LLP","","INP000010025","siddharth@aikyamcap.com","9102269752662","9102269752662","1203, Lotus Link Square, K3 and K4, CTS 195, Near Apna Bazar, D N Nagar, New Link Road, Andheri West, MUMBAI, MAHARASHTRA, 400053","Siddharth Jain","","","","","www.aikyamcap.com","","siddharth@aikyamcap.com","9102269752662","May 11, 2026 - Perpetual","https://www.sebi.gov.in/sebiweb/other/OtherAction.do?doRecognisedFpi=yes&intmId=33"
"27","Registered Portfolio Managers","33","2","ALANKIT ASSIGNMENTS LTD.","","INP000001363","","","","205-208, ANARKALI COMPLEX,, JHANDEWALAN EXTN.,, NEW DELHI, NATIONAL CAPITAL TERRITORY OF DELHI, 110055","","ALANKIT HOUSE, 2E/21, JHANDEWALAN EXTN., NEW DELHI, NATIONAL CAPITAL TERRITORY OF DELHI, 110 055","","","","","","","","Oct 01, 2014 - Perpetual","https://www.sebi.gov.in/sebiweb/other/OtherAction.do?doRecognisedFpi=yes&intmId=33"
"28","Registered Portfolio Managers","33","2","ALCHEMY CAPITAL MANAGEMENT PRIVATE LTD","","INP000000365","compliance@alchemycapital.com","9102266171700","9102266171701","B 4 AMERCHAND MANSION, 16 MADAME CAMA ROAD, COLABA, MUMBAI, MAHARASHTRA, 400001","Anis Bohra","B 4, Amerchand Mansion, , 16 Madame Cama Road, Colaba, MUMBAI, MAHARASHTRA, 400001","","","","https://www.alchemycapital.com/","","compliance@alchemycapital.com","9102266171700","May 16, 2015 - Perpetual","https://www.sebi.gov.in/sebiweb/other/OtherAction.do?doRecognisedFpi=yes&intmId=33"
"29","Registered Portfolio Managers","33","2","ALDER CAPITAL ADVISORS LLP","","INP000004771","","40127009","40127009","503 Morya Blue Moon, New Link Road, , Andheri West, MUMBAI, MAHARASHTRA, 400053","Hemant Bhaskar Patel","503 Morya Blue Moon, New Link Road, `, Andheri West, MUMBAI, MAHARASHTRA, 400053","","","","aldercapital.in/","","","40127009","Aug 25, 2015 - Perpetual","https://www.sebi.gov.in/sebiweb/other/OtherAction.do?doRecognisedFpi=yes&intmId=33"
"30","Registered Portfolio Managers","33","2","ALFACCURATE ADVISORS PVT. LTD.","","INP000003419","bhushankoli@alfaccurate.com","9122042360300","9122042360333","503, 5th Floor, B Wing Naman Midtown, Senapati Bapat Marg, Elphinstone Road, MUMBAI, MAHARASHTRA, 400013","Bhushan Koli","503, 5th Floor, B Wing Naman Midtown, Senapati Bapat Marg, Elphinstone Road, MUMBAI, MAHARASHTRA, 400013","","","","alfaccurate.com","","bhushankoli@alfaccurate.com","9122042360300","Sep 22, 2015 - Perpetual","https://www.sebi.gov.in/sebiweb/other/OtherAction.do?doRecognisedFpi=yes&intmId=33"
"31","Registered Portfolio Managers","33","2","ALLEGRO SECURITIES PRIVATE LIMITED","","INP000002437","","08060607888","08060607888","9th Floor, The Residency, No.2, Residency Road, BANGALORE, KARNATAKA, 560025","Madhusudhan T R","9th floor no 2 The Residency , Residency road, BANGALORE, KARNATAKA, 560025","","","","allegroadvisors.com","","","08060607888","Dec 05, 2016 - Perpetual","https://www.sebi.gov.in/sebiweb/other/OtherAction.do?doRecognisedFpi=yes&intmId=33"
"32","Registered Portfolio Managers","33","2","Almondz Financial Services Limited","","INP000008589","pragati.gholap@almondz.com","9101143500700","9101143500700","F-33/3, Okhla Industrial Area, Phase II, NEW DELHI, NATIONAL CAPITAL TERRITORY OF DELHI, 110020","Pragati Gholap","F-33/3, Okhla Industrial Area, Phase II, NEW DELHI, NATIONAL CAPITAL TERRITORY OF DELHI, 110020","","","","","","pragati.gholap@almondz.com","9101143500700","Feb 09, 2024 - Perpetual","https://www.sebi.gov.in/sebiweb/other/OtherAction.do?doRecognisedFpi=yes&intmId=33"
"33","Registered Portfolio Managers","33","2","ALPHA ALTERNATIVES FUND ADVISORS LLP","","INP000006518","","","","","","","","","","","","","","Mar 29, 2019 - Perpetual","https://www.sebi.gov.in/sebiweb/other/OtherAction.do?doRecognisedFpi=yes&intmId=33"
"34","Registered Portfolio Managers","33","2","AlphaGrep Investment Management Private Limited","","INP000007401","compliance.in@alphagrepim.com","9102268858719","","Unit no. 12, A05, 13th Floor, Parinee Crescenzo, G Block, Bandra Kurla Complex, Bandra East, Mumbai, MUMBAI, MAHARASHTRA, 400051","Ankit Parikh","Unit no. 1406, 14th Floor, Parinee Crescenzo, MUMBAI, MAHARASHTRA, 400051","","","","","","compliance.in@alphagrepim.com","9102268858719","Apr 16, 2025 - Perpetual","https://www.sebi.gov.in/sebiweb/other/OtherAction.do?doRecognisedFpi=yes&intmId=33"
"35","Registered Portfolio Managers","33","2","Altlnvest Capital Advisors Private Limited","","INP000006800","invest@propsharecapital.com","9108041692999","","10th Floor, SKAV Seethalakshmi, 21/22, Kasturba Road, BANGALORE, KARNATAKA, 560001","Hashim Khan","10th Floor, SKAV Seethalakshmi, 21/22, Kasturba Road, BANGALORE, KARNATAKA, 560001","","","","","","invest@propsharecapital.com","9108041692999","Jun 28, 2019 - Perpetual","https://www.sebi.gov.in/sebiweb/other/OtherAction.do?doRecognisedFpi=yes&intmId=33"
"36","Registered Portfolio Managers","33","2","Amaltas Asset Management LLP","","INP000009126","chandni@amaltascapital.in","0919819568593","0919819568593","303 3rd Floor BGTA GANGA CHS Wadala Truck Terminal Antop Hill, MUMBAI, MAHARASHTRA, 400037","Chandni Shah","303 3rd Floor BGTA GANGA CHS Wadala Truck Terminal Antop Hill, MUMBAI, MAHARASHTRA, 400037","","","","","","chandni@amaltascapital.in","0919819568593","Dec 06, 2024 - Perpetual","https://www.sebi.gov.in/sebiweb/other/OtherAction.do?doRecognisedFpi=yes&intmId=33"
"37","Registered Portfolio Managers","33","2","AMBIT INVESTMENT ADVISORS PRIVATE LIMITED","","INP000005059","compliance@ambit.co","9102268601319","","Ambit house 449, senapati Bapat Marg, lower parel, MUMBAI, MAHARASHTRA, 400013","Meghana Kashte","2103 One Lodha Place, Senpati Bapat Marg Lower Parel, MUMBAI, MAHARASHTRA, 400013","","","","","","compliance@ambit.co","9102268601319","Apr 07, 2016 - Perpetual","https://www.sebi.gov.in/sebiweb/other/OtherAction.do?doRecognisedFpi=yes&intmId=33"
"38","Registered Portfolio Managers","33","2","Ambit Wealth Private Limited","","INP000007465","gpc.compliance@ambit.co","917666104082","","Ambit House, 449 Senapati Bapat Marg, MUMBAI, MAHARASHTRA, 400013","Shailesh Adukia","Ambit House, 449 Senapati Bapat Marg, MUMBAI, MAHARASHTRA, 400013","","","","","","gpc.compliance@ambit.co","917666104082","Oct 11, 2024 - Perpetual","https://www.sebi.gov.in/sebiweb/other/OtherAction.do?doRecognisedFpi=yes&intmId=33"
"39","Registered Portfolio Managers","33","2","Ambit Wealth Private Limited","","INP000007465","gpc.compliance@ambit.co","917666104082","","Ambit House, 449 Senapati Bapat Marg, MUMBAI, MAHARASHTRA, 400013","Shailesh Adukia","Ambit House, 449 Senapati Bapat Marg, MUMBAI, MAHARASHTRA, 400013","","","","","","gpc.compliance@ambit.co","917666104082","Oct 11, 2024 - Perpetual","https://www.sebi.gov.in/sebiweb/other/OtherAction.do?doRecognisedFpi=yes&intmId=33"
"40","Registered Portfolio Managers","33","2","AMETRA INVESTMENT MANAGERS PRIVATE LIMITED","","INP000008905","darshana.kothari@elever.app","910009739490383","910009739490383","Smartworks, Vaishnavi Tech Park, 5th Floor, South Wing, Sarjapur Main Road, Bellandur Gate, Ambalipura, BANGALORE, KARNATAKA, 560103","Darshana Kothari","Smartworks, Vaishnavi Tech Park, 5th Floor, South Wing, Sarjapur Main Road, Bellandur Gate, Ambalipura, BANGALORE, KARNATAKA, 560103","","","","","","darshana.kothari@elever.app","910009739490383","Aug 28, 2024 - Perpetual","https://www.sebi.gov.in/sebiweb/other/OtherAction.do?doRecognisedFpi=yes&intmId=33"
"41","Registered Portfolio Managers","33","2","Amicus India Capital Partners LLP","","INP000008941","abhijeeth@amicuscapital.in","0918046316600","","Rocklines House, 3rd Floor, 9 by 1 Museum Road, BANGALORE, KARNATAKA, 560001","Abhijeeth Naik","Rocklines House, 3rd Floor, 9 by 1 Museum Road, BANGALORE, KARNATAKA, 560001","","","","amicuscapital.in/","","abhijeeth@amicuscapital.in","0918046316600","Sep 03, 2024 - Perpetual","https://www.sebi.gov.in/sebiweb/other/OtherAction.do?doRecognisedFpi=yes&intmId=33"
"42","Registered Portfolio Managers","33","2","ANAND RATHI ADVISORS LIMITED","","INP000000282","","40013700","40013700","EXPRESS ZONE A- WING, 10TH FLOOR,, WESTERN EXPRESS HIGHWAY, GOREGAON (EAST), MUMBAI, MAHARASHTRA, 400063","DEEPAK KEDIA","4 th Floor, SILVER METRO POLIS, JAY COACH COMPOUND,OPP BIMBISAR NAGAR,GOREAGAON EAST, MUMBAI, MAHARASHTRA, 400063","","","","anandrathipms.com","","","40013700","Jul 01, 2014 - Perpetual","https://www.sebi.gov.in/sebiweb/other/OtherAction.do?doRecognisedFpi=yes&intmId=33"
"43","Registered Portfolio Managers","33","2","Angel One Investment Managers & Advisors Private Limited","","INP000009117","","","","","","","","","","","","","","Nov 27, 2024 - Perpetual","https://www.sebi.gov.in/sebiweb/other/OtherAction.do?doRecognisedFpi=yes&intmId=33"
"44","Registered Portfolio Managers","33","2","ANGEL ONE LIMITED","","INP000001546","","39413940 5335","39413940 5335","601, 6th Floor, Ackruti Star, Central Road, MIDC, Andheri (East), MUMBAI, MAHARASHTRA, 400093","Mr. Kamlesh Gujar","GROUND FLOOR, AKRUTI TRADE CENTRE, MIDC, ANDHERI (E), MUMBAI, MAHARASHTRA, 400093","","","","angelone.in/","","","39413940 5335","Jan 16, 2015 - Perpetual","https://www.sebi.gov.in/sebiweb/other/OtherAction.do?doRecognisedFpi=yes&intmId=33"
"45","Registered Portfolio Managers","33","2","Anicut Capital LLP","","INP000009223","venkatesh@anicutcapital.com","910009500014344","910009500014344","No. 89, Bishop Garden, Greenways Road, Raja Annamalaipuram, CHENNAI, TAMIL NADU, 600028","Venkatesh Parthasarathy","No. 89, Bishop Garden, Greenways Road, Raja Annamalaipuram, CHENNAI, TAMIL NADU, 600028","","","","","","venkatesh@anicutcapital.com","910009500014344","Feb 05, 2025 - Perpetual","https://www.sebi.gov.in/sebiweb/other/OtherAction.do?doRecognisedFpi=yes&intmId=33"
"46","Registered Portfolio Managers","33","2","Antler Innovation India Private Limited","","INP200007733","nitin@antler.co","000919930767884","000919930767884","2nd Floor 2981, 12th Main Road HAL 2nd Stage Indiranagar, BANGALORE, KARNATAKA, 560038","Nitin Sharma","","","","","","","nitin@antler.co","000919930767884","Dec 27, 2022 - Perpetual","https://www.sebi.gov.in/sebiweb/other/OtherAction.do?doRecognisedFpi=yes&intmId=33"
"47","Registered Portfolio Managers","33","2","Apricus Wealth Investment Managers LLP","","INP000009302","operations@apricuswealth.in","00919810312124","00919810312124","FLAT NO 1105, 11th Floor, 1106 SKIPPER HOUSE, 22 FIRE BRIGADE LANE, BARAKHAMBA, CONNAUGHT PLACE, CENTRAL DELHI, NEW DELHI, NATIONAL CAPITAL TERRITORY OF DELHI, 110001","Shantanu Kant","FLAT NO 1105, 11th Floor, 1106 SKIPPER HOUSE, 22 FIRE BRIGADE LANE, BARAKHAMBA, CONNAUGHT PLACE, CENTRAL DELHI, NEW DELHI, NATIONAL CAPITAL TERRITORY OF DELHI, 110001","","","","","","operations@apricuswealth.in","00919810312124","Mar 05, 2025 - Perpetual","https://www.sebi.gov.in/sebiweb/other/OtherAction.do?doRecognisedFpi=yes&intmId=33"
"48","Registered Portfolio Managers","33","2","ARCA Alternatives IM LLP","","INP000009807","deepak.naragund@arcaalternatives.com","91229900573756","","12th Floor C Wing Mittal Tower New No 21 Old No 6 47, Mahatma Gandhi Road Commercial Street Police Station Bangalore North Bangalore, BANGALORE, KARNATAKA, 560001","Sagar N","12th Floor C Wing Mittal Tower New No 21 Old No 6 47, Mahatma Gandhi Road Commercial Street Police Station Bangalore North Bangalore, BANGALORE, KARNATAKA, 560001","","","","https://www.arcaalternatives.com/","","deepak.naragund@arcaalternatives.com","91229900573756","Jan 23, 2026 - Perpetual","https://www.sebi.gov.in/sebiweb/other/OtherAction.do?doRecognisedFpi=yes&intmId=33"
"49","Registered Portfolio Managers","33","2","ARDEKO ASSET MANAGEMENT PRIVATE LIMITED","","INP000009384","dwaitin.dave@ardeko.in","00007935721558","00007935721558","705, The Ridge, Opp. Novotel, Iscon Char Rasta,, AHMEDABAD, GUJARAT, 380060","Dwaitin Dave","705, The Ridge, Opp. Novotel, Iscon Char Rasta, AHMEDABAD, GUJARAT, 380060","","","","","","dwaitin.dave@ardeko.in","00007935721558","Apr 03, 2025 - Perpetual","https://www.sebi.gov.in/sebiweb/other/OtherAction.do?doRecognisedFpi=yes&intmId=33"
"50","Registered Portfolio Managers","33","2","Arham Wealth Management Private Limited","","INP000008853","arhamwealthsurat@gmail.com","9102614245955","9102614245955","UNIT NO. 418, 419, 419A, 4TH FLOOR, DSCCSL TOWER, BLOCK NO. 53, ROAD 5C, GIFT CITY, GANDHINAGAR, GUJARAT, GANDHINAGAR, GUJARAT, 382355","NIRAV DESAI","GROUND FLOOR,B 2 INTERNATIONAL TRADE CENTRE MAJURA GATE, RING ROAD SURAT, SURAT, GUJARAT, 395002","","","","","","arhamwealthsurat@gmail.com","9102614245955","Aug 05, 2024 - Perpetual","https://www.sebi.gov.in/sebiweb/other/OtherAction.do?doRecognisedFpi=yes&intmId=33"
"51","Registered Portfolio Managers","33","3","Arnya Realestates Fund Advisors Private Limited","","INP000008932","anuj@arnya.in","910228879270660","","1104, Tower 2, Crescent Bay, Jerbai Wadia Road, Parel, MUMBAI, MAHARASHTRA, 400012","Anuj Kala","1704, 17th floor, One Lodha Place, Senapati Bapat Marg, Lower Parel, MUMBAI, MAHARASHTRA, 400013","","","","arnya.in","","anuj@arnya.in","910228879270660","Sep 03, 2024 - Perpetual","https://www.sebi.gov.in/sebiweb/other/OtherAction.do?doRecognisedFpi=yes&intmId=33"
"52","Registered Portfolio Managers","33","3","Arth Portfolio Management Private Limited","","INP000008552","compliance@arth-india.com","0919819537511","0919819537511","Office No. 534, 5th Floor, Avadh Kontina, Near Luthra Circle,, VIP Road, Vesu, Surat, SURAT, GUJARAT, 395007","Richa Jalan","Office No. 534, 5th Floor, Avadh Kontina, Near Luthra Circle, VIP Road, Vesu, Surat, SURAT, GUJARAT, 395007","","","","","","compliance@arth-india.com","0919819537511","Jan 23, 2024 - Perpetual","https://www.sebi.gov.in/sebiweb/other/OtherAction.do?doRecognisedFpi=yes&intmId=33"
"53","Registered Portfolio Managers","33","3","ArthAlpha LLP","","INP000009038","pms.compliance@arthalpha.in","910228105916135","910228105916135","2053, Tower 3, Prestige White Meadows,, Whitefield, EPIP,, BANGALORE, KARNATAKA, 560066","Harkirat Dhiman","2053, Tower 3, Prestige White Meadows, Whitefield, EPIP, BANGALORE, KARNATAKA, 560066","","","","","","pms.compliance@arthalpha.in","910228105916135","Sep 27, 2024 - Perpetual","https://www.sebi.gov.in/sebiweb/other/OtherAction.do?doRecognisedFpi=yes&intmId=33"
"54","Registered Portfolio Managers","33","3","Arthya Wealth and Investments Pvt Ltd","","INP000007225","nasreen@arthyawealth.com","910009819793096","910009819793096","712 THE SUMMIT BUSINESS BAY, 7th Floor, Near Western Express Highway, Off Andheri Kurla Road, Andheri East, MUMBAI, MAHARASHTRA, 400069","Nasreen Qureshi","712 THE SUMMIT BUSINESS BAY, 7th Floor, Near Western Express Highway, Off Andheri Kurla Road, Andheri East, MUMBAI, MAHARASHTRA, 400069","","","","","","nasreen@arthyawealth.com","910009819793096","Jun 09, 2021 - Perpetual","https://www.sebi.gov.in/sebiweb/other/OtherAction.do?doRecognisedFpi=yes&intmId=33"
"55","Registered Portfolio Managers","33","3","ASHIMA CAPITAL MANAGEMENT LIMITED","","INP000009153","compliance@ashimacapital.com","007922779352","007922779352","Basement, Aditya, Near Khadayata Colony, Mithakhali Six Roads, Navrangpura, AHMEDABAD, GUJARAT, 380009","Satish Mishra","Basement, Aditya, Near Khadayata Colony, Mithakhali Six Roads, Navrangpura, AHMEDABAD, GUJARAT, 380009","","","","","","compliance@ashimacapital.com","007922779352","Jan 06, 2025 - Perpetual","https://www.sebi.gov.in/sebiweb/other/OtherAction.do?doRecognisedFpi=yes&intmId=33"
"56","Registered Portfolio Managers","33","3","ASIAN MARKETS SECURITIES PRIVATE LIMITED","","INP000004680","","02242173030","02242173030","1/2 Athena House,Rajnigandha Complex,Gen A.K.Vaidya Marg, Gokuldham,Filmcity Road,Goregaon east, MUMBAI, MAHARASHTRA, 400063","Chetan Karia","1/2 Athena House,Rajnigandha Complex,Gen A.K.Vaidya Marg, Gokuldham,Filmcity Road,Goregaon east, MUMBAI, MAHARASHTRA, 400063","","","","amsec.in","","","02242173030","Apr 21, 2015 - Perpetual","https://www.sebi.gov.in/sebiweb/other/OtherAction.do?doRecognisedFpi=yes&intmId=33"
"57","Registered Portfolio Managers","33","3","Asit C Mehta Investment Interrmediates Limited","","INP000005801","complianceofficer@acm.co.in","02202228583333","","PANTOMATH NUCLEUS HOUSE, SAKI VIHAR ROAD ANDHERI E, MUMBAI, MAHARASHTRA, 400072","Jaideep Vaidya","PANTOMATH NUCLEUS HOUSE, SAKI VIHAR ROAD ANDHERI E, MUMBAI, MAHARASHTRA, 400072","","","","","","complianceofficer@acm.co.in","02202228583333","May 29, 2024 - Perpetual","https://www.sebi.gov.in/sebiweb/other/OtherAction.do?doRecognisedFpi=yes&intmId=33"
"58","Registered Portfolio Managers","33","3","ASK Investment Managers Limited","","INP000008066","agupta@askinvestmentmanagers.com","9102266520000","9102266520000","Birla Aurora, 16 level, Office Floor 9, , Dr Annie Besant Road, Worli,, MUMBAI, MAHARASHTRA, 400030","Amit Gupta","Birla Aurora, 16 level, Office Floor 9, , Dr Annie Besant Road, Worli, MUMBAI, MAHARASHTRA, 400030","","","","askfinancials.com/ask-investment-managers/home","","agupta@askinvestmentmanagers.com","9102266520000","May 04, 2023 - Perpetual","https://www.sebi.gov.in/sebiweb/other/OtherAction.do?doRecognisedFpi=yes&intmId=33"
"59","Registered Portfolio Managers","33","3","ASK Property Investment Advisors Private Limited","","INP000005713","rbhase@askinvestmentadvisors.com","913542266460000","","Birla Aurora, Level 16, Office Floor 9,, Dr. Annie Besant Road, Worli,, MUMBAI, MAHARASHTRA, 400030","Rohit Bhase","Birla Aurora, Level 16, Office Floor 9, Dr. Annie Besant Road, Worli, MUMBAI, MAHARASHTRA, 400030","","","","","","rbhase@askinvestmentadvisors.com","913542266460000","Jul 03, 2017 - Perpetual","https://www.sebi.gov.in/sebiweb/other/OtherAction.do?doRecognisedFpi=yes&intmId=33"
"60","Registered Portfolio Managers","33","3","ASK Wealth Advisors Private Limited","","INP000007827","vinita.taparia@askwealthadvisors.com","9102266132887","9102266132887","Birla Aurora, 16 Level, Office Floor 9 , Dr. Annie Besant Road, Worli, MUMBAI, MAHARASHTRA, 400030","Vinita Taparia","One Lodha Place, Unit No. 2803, 2804, 2805, Senpati Bapat Marg, Lower Parel, MUMBAI, MAHARASHTRA, 400013","","","","","","vinita.taparia@askwealthadvisors.com","9102266132887","Feb 14, 2023 - Perpetual","https://www.sebi.gov.in/sebiweb/other/OtherAction.do?doRecognisedFpi=yes&intmId=33"
"61","Registered Portfolio Managers","33","3","ASTUTE INVESTMENT MANAGEMENT PRIVATE LIMITED","","INP000002536","","22872646 / 47","22872646 / 47","79, Nariman Bhavan, Nariman Point, MUMBAI, MAHARASHTRA, 400021","Ramesh Purohit","79, Nariman Bhavan, Nariman Point, MUMBAI, MAHARASHTRA, 400021","","","","astuteinvestment.in","","","22872646 / 47","Feb 20, 2017 - Perpetual","https://www.sebi.gov.in/sebiweb/other/OtherAction.do?doRecognisedFpi=yes&intmId=33"
"62","Registered Portfolio Managers","33","3","Atishay Stock Broking Private Limited","","INP000009320","atishaystockbroking@gmail.com","0913366748822","0913366748822","6 Jawahar Lal Nehru Road, Siddha Esplanade 13th Floor Room No 1507, KOLKATA, WEST BENGAL, 700013","Subhendu Sarkar","6 Jawahar Lal Nehru Road, Siddha Esplanade 13th Floor Room No 1507, KOLKATA, WEST BENGAL, 700013","","","","","","atishaystockbroking@gmail.com","0913366748822","Mar 10, 2025 - Perpetual","https://www.sebi.gov.in/sebiweb/other/OtherAction.do?doRecognisedFpi=yes&intmId=33"
"63","Registered Portfolio Managers","33","3","ATLAS INTEGRATED FINANCE LTD","","INP000000530","","40600501","40600501","Office No.19 , Gopal Bhavan Bldg ,1st Floor, 199 Shamaldas Gandhi Marg,, MUMBAI, MAHARASHTRA, 400002","Niesh Shah","403, Prospects Chambers, 317, Dr. D.N. Road, Fort, Mumbai, MUMBAI, MAHARASHTRA, 400001","","","","aifl.net","","","40600501","Feb 16, 2016 - Perpetual","https://www.sebi.gov.in/sebiweb/other/OtherAction.do?doRecognisedFpi=yes&intmId=33"
"64","Registered Portfolio Managers","33","3","Atman Capital Management Private Limited","","INP000006615","shreyas.attavar@gmail.com","0008061852070","0008061852070","C301,Temple Meadows 3, 27th Cross, BSK 2nd Stage, BANGALORE, KARNATAKA, 560070","Shreyas Attavar","Regus, Jayanagar, 7th Block, K R Road, BANGALORE, KARNATAKA, 560070","","","","","","shreyas.attavar@gmail.com","0008061852070","Apr 05, 2019 - Perpetual","https://www.sebi.gov.in/sebiweb/other/OtherAction.do?doRecognisedFpi=yes&intmId=33"
"65","Registered Portfolio Managers","33","3","Avendus Investment Managers Private Limited","","INP000006174","latesh.mota@oceandial.in","09102266480946","","901, Platina, 9th Floor, Plot No. C-59,, Bandra Kurla Complex, Bandra East, MUMBAI, MAHARASHTRA, 400051","Tariq Chinoy","901, Platina, 9th Floor, Plot No. C-59, Bandra Kurla Complex, Bandra East, MUMBAI, MAHARASHTRA, 400051","","","","avendus.com/india/asset-management/long-only-strategies","","latesh.mota@oceandial.in","09102266480946","Oct 22, 2018 - Perpetual","https://www.sebi.gov.in/sebiweb/other/OtherAction.do?doRecognisedFpi=yes&intmId=33"
"66","Registered Portfolio Managers","33","3","Avendus PE Investment Advisors Private Limited","","INP000008774","compliance@avendus.com","0002266480050","","901, Platina, 9th Floor, Plot No. C-59, , Bandra Kurla Complex, Bandra East, MUMBAI, MAHARASHTRA, 400051","Abha Mehta","901, Platina, 9th Floor, Plot No. C-59, , Bandra Kurla Complex, Bandra East, MUMBAI, MAHARASHTRA, 400051","","","","","","compliance@avendus.com","0002266480050","Jul 01, 2024 - Perpetual","https://www.sebi.gov.in/sebiweb/other/OtherAction.do?doRecognisedFpi=yes&intmId=33"
"67","Registered Portfolio Managers","33","3","AVENDUS WEALTH MANAGEMENT PRIVATE LTD","","INP000005257","","","","901, Platina, 9th Floor, , Plot No. C-59, Bandra Kurla Complex, Bandra East, MUMBAI, MAHARASHTRA, 400051","","IL&FS Financial Centre, MUMBAI, MAHARASHTRA, 400051","","","","avendus.com/india/regulatory-information?slug=avendus-wealth-management-private-limited","","","","Apr 23, 2016 - Perpetual","https://www.sebi.gov.in/sebiweb/other/OtherAction.do?doRecognisedFpi=yes&intmId=33"
"68","Registered Portfolio Managers","33","3","AVERRA ASSET MANAGERS LLP","","INP000009746","Tanvi@averra.co.in","9109082272650","9109082272650","6 Floor- 1st, Plot-674, 12A,, Motta Mahal Bomanji Petit, Cumballa Hill,, MUMBAI, MAHARASHTRA, 400026","Tanvi Sawant","6 Floor- 1st, Plot-674, 12A, Motta Mahal Bomanji Petit, Cumballa Hill, MUMBAI, MAHARASHTRA, 400026","","","","","","Tanvi@averra.co.in","9109082272650","Dec 09, 2025 - Perpetual","https://www.sebi.gov.in/sebiweb/other/OtherAction.do?doRecognisedFpi=yes&intmId=33"
"69","Registered Portfolio Managers","33","3","Avestha Fund Management LLP","","INP000005810","farokh@avesthafm.com","910222223670080","","Ground Floor, Plot no. 25, Normandie Building, M L Dahanukar Marg, Carmichael Road, Cumballa Hill, MUMBAI, MAHARASHTRA, 400026","Chaitanya Kamdar","Ground Floor, Shanazeen, Babulnath Road, NS Patkar Marg, Mumbai, MUMBAI, MAHARASHTRA, 400007","","","","avestha.com/","","farokh@avesthafm.com","910222223670080","Aug 22, 2017 - Perpetual","https://www.sebi.gov.in/sebiweb/other/OtherAction.do?doRecognisedFpi=yes&intmId=33"
"70","Registered Portfolio Managers","33","3","Awriga Capital Advisors LLP","","INP000006934","DSBANGERA08@GMAIL.COM","910229833056572","910229833056572","C-501, Ashok Gardens,, T.J.Road, Sewri,, MUMBAI, MAHARASHTRA, 400020","Deepak Bangera","56-C, 5th Floor , Mittal Court, MUMBAI, MAHARASHTRA, 400021","","","","awriga.com/","","DSBANGERA08@GMAIL.COM","910229833056572","Nov 19, 2019 - Perpetual","https://www.sebi.gov.in/sebiweb/other/OtherAction.do?doRecognisedFpi=yes&intmId=33"
"71","Registered Portfolio Managers","33","3","AXIS ASSET MANAGEMENT COMPANY LIMITED","","INP000003534","compliance@axismf.com","9102263111209","","One Lodha Place, 22nd and 23rd Floor,, Senapati Bapat Marg, Lower Parel,, MUMBAI, MAHARASHTRA, 400013","Darshan Kapadia","One Lodha Place, 22nd and 23rd Floor, Senapati Bapat Marg, Lower Parel, MUMBAI, MAHARASHTRA, 400013","","","","","","compliance@axismf.com","9102263111209","Jan 04, 2016 - Perpetual","https://www.sebi.gov.in/sebiweb/other/OtherAction.do?doRecognisedFpi=yes&intmId=33"
"72","Registered Portfolio Managers","33","3","AXIS SECURITIES LIMITED","","INP000000654","","24255436","24255436","Unit 002, Building-A, Agastya Corporate Park, Piramal Realty,Kamani Junction,Kurla West, MUMBAI, MAHARASHTRA, 400070","Mr Jayan Nair","13TH FLOOR, MAKER TOWER 'F', CUFFE PARADE, MUMBAI, MAHARASHTRA, 400 005","","","","simplehai.axisdirect.in/","","","24255436","Jul 16, 2014 - Perpetual","https://www.sebi.gov.in/sebiweb/other/OtherAction.do?doRecognisedFpi=yes&intmId=33"
"73","Registered Portfolio Managers","33","3","Ayan Analytics Private Limited","","INP000007614","girishlad1988@gmail.com","9102200000000","9102200000000","Flat No. 23, Wing C, Floor 2, Shreerang Unit11, Shreerang society, N G Marg, THANE, MAHARASHTRA, 400601","Girish Lad","301, Wing A, Devi Darshan, Tembi Naka, THANE, MAHARASHTRA, 400601","","","","","","girishlad1988@gmail.com","9102200000000","Nov 07, 2022 - Perpetual","https://www.sebi.gov.in/sebiweb/other/OtherAction.do?doRecognisedFpi=yes&intmId=33"
"74","Registered Portfolio Managers","33","3","B.N. Rathi Securities Limited","","INP000009135","COMPLIANCE@BNRSECURITIES.COM","9104040527777","9104040527777","6 3 652 IV FLOOR KAUTILYA, AMRUTHA ESTATES SOMAJIGUDA, HYDERABAD, TELANGANA, 500082","Gadila Sabitha Reddy","6 3 652 IV FLOOR KAUTILYA, AMRUTHA ESTATES SOMAJIGUDA, HYDERABAD, TELANGANA, 500082","","","","","","COMPLIANCE@BNRSECURITIES.COM","9104040527777","Dec 18, 2024 - Perpetual","https://www.sebi.gov.in/sebiweb/other/OtherAction.do?doRecognisedFpi=yes&intmId=33"
"75","Registered Portfolio Managers","33","3","BADJATE WEALTH PRIVATE LIMITED","","INP000006527","tusharbadjate@badjategroup.com","9107126604217","9107126604217","207, 2ND FLOOR, MANGALAM ARCADE, ABOVE VENUS BOOK DEPOT, DHARAMPETH EXTENSION, NAGPUR, MAHARASHTRA, 440010","TUSHAR BADJATE","207, 2ND FLOOR, MANGALAM ARCADE, ABOVE VENUS BOOK DEPOT, DHARAMPETH EXTENSION, NAGPUR, MAHARASHTRA, 440010","","","","","","tusharbadjate@badjategroup.com","9107126604217","Feb 05, 2025 - Perpetual","https://www.sebi.gov.in/sebiweb/other/OtherAction.do?doRecognisedFpi=yes&intmId=33"
"76","Registered Portfolio Managers","33","4","Bajaj Alternate Investment Management Limited","","INP000009904","shivam.pandey39@bajajfinserv.in","02269050900690","","S NO 208/1B Bajaj Finserv House Vimannagar Lohagaon, S NO 208/1B Bajaj Finserv House Vimannagar Lohagaon, PUNE, MAHARASHTRA, 411014","Shivam Pandey","Floor 16 B Wing The Capital G Block BKC, MUMBAI, MAHARASHTRA, 400051","","","","NA","","shivam.pandey39@bajajfinserv.in","02269050900690","Apr 01, 2026 - Perpetual","https://www.sebi.gov.in/sebiweb/other/OtherAction.do?doRecognisedFpi=yes&intmId=33"
"77","Registered Portfolio Managers","33","4","Bandhan AMC Limited","","INP000008534","vijayalaxmi.khatri@bandhanamc.com","9102243422737","9102243422737","6th floor Tower 1C One World Centre, 841 Senapati Bapat Marg Jupiter Mill Compound, MUMBAI, MAHARASHTRA, 400013","Vijayalaxmi Khatri","6th floor Tower 1C One World Centre, 841 Senapati Bapat Marg Jupiter Mill Compound, MUMBAI, MAHARASHTRA, 400013","","","","bandhanamc.com","","vijayalaxmi.khatri@bandhanamc.com","9102243422737","Jan 12, 2024 - Perpetual","https://www.sebi.gov.in/sebiweb/other/OtherAction.do?doRecognisedFpi=yes&intmId=33"
"78","Registered Portfolio Managers","33","4","BANYAN CAPITAL ADVISORS LLP","","INP000004243","","01204216200","01204216200","D-51, Gulmohar Park, NEW DELHI, NATIONAL CAPITAL TERRITORY OF DELHI, 110049","Anoop Kumar","B-1, 2nd Floor, Sector - 57, NOIDA, UTTAR PRADESH, 201301","","","","banyan-capital.com","","","01204216200","Feb 08, 2015 - Perpetual","https://www.sebi.gov.in/sebiweb/other/OtherAction.do?doRecognisedFpi=yes&intmId=33"
"79","Registered Portfolio Managers","33","4","BANYAN TREE ADVISORS PRIVATE LIMITED","","INP000001173","","080 65686867","080 65686867","1155,12th Main,4th Cross, HAL 2nd Stage,Indira Nagar, BANGALORE, KARNATAKA, 560038","RAMANAN VENKATESWARAN","2966, 12th Main, 4th Cross, HAL 2nd Stage, Indiranagar, BANGALORE, KARNATAKA, 560008","","","","banyantreeadvisors.com/","","","080 65686867","May 31, 2017 - Perpetual","https://www.sebi.gov.in/sebiweb/other/OtherAction.do?doRecognisedFpi=yes&intmId=33"
"80","Registered Portfolio Managers","33","4","BARCLAYS SECURITIES (INDIA) PRIVATE LIMITED","","INP000002585","","","","Nirlon Knowledge Park, Level 9, Block B-6, Off Western Express Highway, Goregaon East, Mumbai, MUMBAI, MAHARASHTRA, 400063","","","","","","barclays.in/bsipl/","","","","Mar 25, 2017 - Perpetual","https://www.sebi.gov.in/sebiweb/other/OtherAction.do?doRecognisedFpi=yes&intmId=33"
"81","Registered Portfolio Managers","33","4","Baroda BNP Paribas Asset Management India Private Limited","","INP000003716","nisha.sanjeev@barodabnpparibasmf.in","9102269209649","09102269209649","Crescenzo, 7th Floor, G-Block,, Bandra Kurla Complex, MUMBAI, MAHARASHTRA, 400051","Nisha Sanjeev","201A 2nd floor Crescenzo Parinee, C 38 and 39 G Block Bandra Kurla Complex, MUMBAI, MAHARASHTRA, 400051","","","","","","nisha.sanjeev@barodabnpparibasmf.in","9102269209649","Jun 08, 2016 - Perpetual","https://www.sebi.gov.in/sebiweb/other/OtherAction.do?doRecognisedFpi=yes&intmId=33"
"82","Registered Portfolio Managers","33","4","BASANT MAHESHWARI WEALTH ADVISERS LLP","","INP000004946","","+91(33) 66252088","+91(33) 66252088","Office No. 701, 7th Floor, Plot 211, Dalamal Tower, Free Press Journal Marg, Nariman Point, MUMBAI, MAHARASHTRA, 400021","Shalu Mehra","Raikva 3rd Floor Office 3B 3A Ram Mohan Mullick, Garden Lane, On EM Bypass, Beliaghata, KOLKATA, WEST BENGAL, 700010","","","","theequitydesk.com","","","+91(33) 66252088","Nov 24, 2015 - Perpetual","https://www.sebi.gov.in/sebiweb/other/OtherAction.do?doRecognisedFpi=yes&intmId=33"
"83","Registered Portfolio Managers","33","4","BAY CAPITAL INVESTMENT ADVISORS PRIVATE LIMITED","","INP000005208","","","","14th Floor, Bhaktawar, Opp NCPA, Nariman Point, MUMBAI, MAHARASHTRA, 400021","","14TH FLOOR,BHAKTAWAR TOWER, NARIMAN POINT, MUMBAI, MAHARASHTRA, 400021","","","","","","","","Aug 03, 2016 - Perpetual","https://www.sebi.gov.in/sebiweb/other/OtherAction.do?doRecognisedFpi=yes&intmId=33"
"84","Registered Portfolio Managers","33","4","Beams VC Partnerz LLP","","INP000009199","sagar.a@beams.vc","9108928763808","9108928763808","Unit No 1, 9th Floor, B Wing, Times Square, Marol Naka, Andheri East, MUMBAI, MAHARASHTRA, 400059","Sagar Agarwal","Unit No 1, 9th Floor, B Wing, Times Square, Marol Naka, Andheri East, MUMBAI, MAHARASHTRA, 400059","","","","","","sagar.a@beams.vc","9108928763808","Jan 09, 2025 - Perpetual","https://www.sebi.gov.in/sebiweb/other/OtherAction.do?doRecognisedFpi=yes&intmId=33"
"85","Registered Portfolio Managers","33","4","BELLWETHER CAPITAL PRIVATE LIMITED","","INP000000910","","","","508 RAHEJA CHAMBERS, FREE PRESS JOURNAL ROAD, NARIMAN POINT,, MUMBAI, MAHARASHTRA, 400021","","508 RAHEJA CHAMBERS, FREE PRESS JOURNAL ROAD, NARIMAN POINT, MUMBAI, MAHARASHTRA, 400021","","","","bellwethercapital.in","","","","Apr 01, 2016 - Perpetual","https://www.sebi.gov.in/sebiweb/other/OtherAction.do?doRecognisedFpi=yes&intmId=33"
"86","Registered Portfolio Managers","33","4","BHANA EQUITY ADVISORS LLP","","INP000006411","hbhana@beallp.com","09102240040612","","410 Raheja Chambers, 213 Nariman Point, MUMBAI, MAHARASHTRA, 400021","Himanshu Bhana","410 Raheja Cjambers, 213 Nariman Point, MUMBAI, MAHARASHTRA, 400021","","","","beallp.in","","hbhana@beallp.com","09102240040612","Feb 28, 2019 - Perpetual","https://www.sebi.gov.in/sebiweb/other/OtherAction.do?doRecognisedFpi=yes&intmId=33"
"87","Registered Portfolio Managers","33","4","BHARAT BHUSHAN EQUITY TRADERS LIMITED","","INP000009162","sharad@bharatbhushan.com","9101149800900","","503, ROHIT HOUSE, 3 TOLSTOY MARG, DELHI, NATIONAL CAPITAL TERRITORY OF DELHI, 110001","SHARAD KUMAR","204, ROHIT HOUSE, 3 TOLSTOY MARG, NEW DELHI, NATIONAL CAPITAL TERRITORY OF DELHI, 110001","","","","","","sharad@bharatbhushan.com","9101149800900","Jan 06, 2025 - Perpetual","https://www.sebi.gov.in/sebiweb/other/OtherAction.do?doRecognisedFpi=yes&intmId=33"
"88","Registered Portfolio Managers","33","4","BLACKSOIL ASSET MANAGEMENT PRIVATE LIMITED","","INP000007553","ishanpatel@blacksoil.co.in","9102224812200","9102224812200","1203 Floor 12 Lodha Supremus Senapati Bapat Marg , Lower Parel Delisle Road Mumbai Maharashtra 400 013 India., MUMBAI, MAHARASHTRA, 400013","ISHAN PATEL","1203 Floor 12 Lodha Supremus Senapati Bapat Marg , Lower Parel Delisle Road Mumbai Maharashtra 400 013 India., MUMBAI, MAHARASHTRA, 400013","","","","","","ishanpatel@blacksoil.co.in","9102224812200","Sep 16, 2022 - Perpetual","https://www.sebi.gov.in/sebiweb/other/OtherAction.do?doRecognisedFpi=yes&intmId=33"
"89","Registered Portfolio Managers","33","4","BLUE 91 PORTFOLIO MANAGERS LLP","","INP000008747","mail@blue91.in","0917558960018","","175 Kagalwala House, Kalina Santacruz, Vidyanagari, Kalina Police station, MUMBAI, MAHARASHTRA, 400098","Sarish Perinchira","G2, 1st Floor, Street B, 1st Cross Road, Panampilly Nagar, KOCHI, KERALA, 682036","","","","","","mail@blue91.in","0917558960018","Jun 10, 2024 - Perpetual","https://www.sebi.gov.in/sebiweb/other/OtherAction.do?doRecognisedFpi=yes&intmId=33"
"90","Registered Portfolio Managers","33","4","Blue Ashva India LLP","","INP000008057","","","","","","","","","","","","","","Apr 26, 2023 - Perpetual","https://www.sebi.gov.in/sebiweb/other/OtherAction.do?doRecognisedFpi=yes&intmId=33"
"91","Registered Portfolio Managers","33","4","BMC Advisors Private Limited","","INP000008783","bmcadvisorskol@gmail.com","01109122438810","","ECO CENTER Unit No ECSL0710 7th Floor Plot No 4 , Block EM Sector V Salt Lake, KOLKATA, WEST BENGAL, 700091","Priti Agarwal","ECO CENTER Unit No ECSL0710 7th Floor Plot No 4 , Block EM Sector V Salt Lake, KOLKATA, WEST BENGAL, 700091","","","","","","bmcadvisorskol@gmail.com","01109122438810","Jul 02, 2024 - Perpetual","https://www.sebi.gov.in/sebiweb/other/OtherAction.do?doRecognisedFpi=yes&intmId=33"
"92","Registered Portfolio Managers","33","4","BONANZA PORTFOLIO LIMITED","","INP000000985","","02230863700","02230863700","4353/4C,MADAN MOHAN STREET, ANSARI ROAD, DARYAGANJ,, NEW DELHI, NATIONAL CAPITAL TERRITORY OF DELHI, 110002","Mr. Manoj Kumar Goel","Bonanza House, Plot No.M-2, Cama Indl. Estate,Walbhat Road,Goregoan (East), MUMBAI, MAHARASHTRA, 400013","","","","","","","02230863700","Jun 01, 2016 - Perpetual","https://www.sebi.gov.in/sebiweb/other/OtherAction.do?doRecognisedFpi=yes&intmId=33"
"93","Registered Portfolio Managers","33","4","BRAIN POINT Investment Centre Pvt Ltd","","INP000007119","vandana@brainpointinv.com","9102226636300","","401 Terminal 9 Next to Orchid Hotel Near Domestic Airport Nehru Road Vile Parle East, MUMBAI, MAHARASHTRA, 400057","VANDANA KASHIKAR","401 Terminal 9 Next to Orchid Hotel Near Domestic Airport Nehru Road Vile Parle East, MUMBAI, MAHARASHTRA, 400057","","","","brainpointinv.com/pms/index.html","","vandana@brainpointinv.com","9102226636300","Dec 16, 2020 - Perpetual","https://www.sebi.gov.in/sebiweb/other/OtherAction.do?doRecognisedFpi=yes&intmId=33"
"94","Registered Portfolio Managers","33","4","Brightseeds Advisors LLP","","INP000008996","","","","OFFICE NO. 319, HIVE 67 ICON, POISAR GYMKHANA ROAD, LOKMANYA TILKA NAGAR, POISAR, NEAR RAGHULEELA MALL, KANDIVALI WEST, MUMBAI, MUMBAI, MAHARASHTRA, 400067","Shreya Gala","","","","","","","","","Sep 11, 2024 - Perpetual","https://www.sebi.gov.in/sebiweb/other/OtherAction.do?doRecognisedFpi=yes&intmId=33"
"95","Registered Portfolio Managers","33","4","Buglerock Capital Private Limited","","INP000005430","compliance@buglerock.asia","9102269251000","","Prestige Takt, 1st Floor No 23, Kasturba Road Cross, Mahatma Gandhi Road Bangalore North Bangalore, BANGALORE, KARNATAKA, 560001","Bharat Sharda","One World Center, Tower 2, Office No 802, 8th Floor, Senapati Bapat Marg, Elphinstone Road West, MUMBAI, MAHARASHTRA, 400013","","","","","","compliance@buglerock.asia","9102269251000","Oct 09, 2024 - Perpetual","https://www.sebi.gov.in/sebiweb/other/OtherAction.do?doRecognisedFpi=yes&intmId=33"
"96","Registered Portfolio Managers","33","4","BUOYANT CAPITAL PRIVATE LIMITED","","INP000005000","","","","","","","","","","","","","","Feb 01, 2016 - Perpetual","https://www.sebi.gov.in/sebiweb/other/OtherAction.do?doRecognisedFpi=yes&intmId=33"
"97","Registered Portfolio Managers","33","4","Burman Capital Management Private Limited","","INP100007091","compliance@burmancapital.com","9101171206000","9101171206000","4th Floor, Punjabi Bhawan, 10 Rouse Avenue, NEW DELHI, NATIONAL CAPITAL TERRITORY OF DELHI, 110002","Divya Marwah","1st Floor, ASHI Bhawan, 19, Rouse Avenue, NEW DELHI, NATIONAL CAPITAL TERRITORY OF DELHI, 110002","","","","burmancapital.com","","compliance@burmancapital.com","9101171206000","Nov 17, 2020 - Perpetual","https://www.sebi.gov.in/sebiweb/other/OtherAction.do?doRecognisedFpi=yes&intmId=33"
"98","Registered Portfolio Managers","33","4","Cactus Partners LLP","","INP000008808","akshita.jaketia@cactusvp.com","9102247500395","9102247500395","Unit no 2106 21st Floor One Lodha Place Senapati Bapat Marg Lower Parel Mumbai 400 013, MUMBAI, MAHARASHTRA, 400013","Akshita Jaketia","Unit no 2106 21st Floor One Lodha Place Senapati Bapat Marg Lower Parel Mumbai 400 013, MUMBAI, MAHARASHTRA, 400013","","","","cactusvp.com/","","akshita.jaketia@cactusvp.com","9102247500395","Jul 08, 2024 - Perpetual","https://www.sebi.gov.in/sebiweb/other/OtherAction.do?doRecognisedFpi=yes&intmId=33"
"99","Registered Portfolio Managers","33","4","CapGrow Capital Advisors LLP","","INP000006147","operations@capgrowcapital.com","9102244504456","9102244504456","15TH FLOOR 1519 LODHA CODENAME NO 1 ONE LODHA PLACE, SENAPATI BAPAT MARG LOWER PAREL WEST DELISLE ROAD, MUMBAI, MAHARASHTRA, 400013","Ruchi Malhotra","203 A Gitanjali Arcade 2nd Floor Nehru road, Vile Parle east, MUMBAI, MAHARASHTRA, 400057","","","","","","operations@capgrowcapital.com","9102244504456","Oct 05, 2018 - Perpetual","https://www.sebi.gov.in/sebiweb/other/OtherAction.do?doRecognisedFpi=yes&intmId=33"
"100","Registered Portfolio Managers","33","4","Capital 8 LLP","","INP000008349","compliance@capital8.in","09221476604613","09221476604613","1, Payal Park, Swayan nagar, Satellite road, Jodhpur char rasta, AHMEDABAD, GUJARAT, 380015","Zarana Vayda","1, Payal Park, Swayan nagar, Satellite road, Jodhpur char rasta, AHMEDABAD, GUJARAT, 380015","","","","https://www.capital8.in/","","compliance@capital8.in","09221476604613","Nov 03, 2023 - Perpetual","https://www.sebi.gov.in/sebiweb/other/OtherAction.do?doRecognisedFpi=yes&intmId=33"
"101","Registered Portfolio Managers","33","5","Capitalmind Financial Services Private Limited","","INP000005847","contact@capitalmind.in","000918041211210","","2323 Prakash Arcade 17th Cross 27th Main, 1st Sector HSR Layout, BANGALORE, KARNATAKA, 560102","Shray Chandra","2323 Prakash Arcade 17th Cross 27th Main, 1st Sector HSR Layout, BANGALORE, KARNATAKA, 560102","","","","","","contact@capitalmind.in","000918041211210","Sep 27, 2017 - Perpetual","https://www.sebi.gov.in/sebiweb/other/OtherAction.do?doRecognisedFpi=yes&intmId=33"
"102","Registered Portfolio Managers","33","5","CAPSTOCKS AND SECURITIES (INDIA) PRIVATE","","INP000001066","","9847232322","9847232322","T.C.28/2023 , CAPSTOCKS TOWERS,, THAKARAPARAMBU ROAD,FORT, THIRUVANANTHAPURAM, KERALA, 695023","Amjad Hydari M","T.C 28/1520(2), First Floor, Opp IOB Bank, Thakaraparambu Road, Fort P.O, THIRUVANANTHAPURAM, KERALA, 695023","","","","","","","9847232322","Sep 16, 2016 - Perpetual","https://www.sebi.gov.in/sebiweb/other/OtherAction.do?doRecognisedFpi=yes&intmId=33"
"103","Registered Portfolio Managers","33","5","CARE PORTFOLIO MANAGERS PRIVATE LIMITED","","INP000004128","","28081218","28081218","201, SILVER HEIGHTS, 51ST ROAD,T.P.S. III,, NEAR VIR SAVARKAR UDYAN, BORIVALI WEST,, MUMBAI, MAHARASHTRA, 400092","Arpit Shah","201, SILVER HEIGHTS, 51ST ROAD, T.P.S. III, NEAR VIR SAVARKAR UDYAN, BORIVALI WEST, MUMBAI, MAHARASHTRA, 400092","","","","carepms.com/","","","28081218","Jun 30, 2014 - Perpetual","https://www.sebi.gov.in/sebiweb/other/OtherAction.do?doRecognisedFpi=yes&intmId=33"
"104","Registered Portfolio Managers","33","5","CARNELIAN ASSET MANAGEMENT & ADVISORS PRIVATE LIMITED","","INP000006387","compliance@carneliancapital.co.in","9102269374175","","1205/1206, ONE LODHA PLACE, SENAPATI BAPAT MARG, LOWER PAREL (WEST) DELSIE ROAD, MUMBAI, MAHARASHTRA, 400013","Chirag Chad","1205 1206 One Lodha Place Senapati Bapat Marg, Lower Parel West Delsie Road, MUMBAI, MAHARASHTRA, 400013","","","","","","compliance@carneliancapital.co.in","9102269374175","Feb 22, 2019 - Perpetual","https://www.sebi.gov.in/sebiweb/other/OtherAction.do?doRecognisedFpi=yes&intmId=33"
"105","Registered Portfolio Managers","33","5","Caspian Impact Investment Adviser Private Limited","","INP000008358","caspiancompliance@caspian.in","9104066297100","9104066465884","Block 4A 4th floor Ventureast Plaza Plot No 40 and 41, Financial District Gachibowli, HYDERABAD, TELANGANA, 500032","Ruchi Mehta","Block 4A 4th floor Ventureast Plaza Plot No 40 and 41, Financial District Gachibowli, HYDERABAD, TELANGANA, 500032","","","","caspianequity.in/","","caspiancompliance@caspian.in","9104066297100","Nov 10, 2023 - Perpetual","https://www.sebi.gov.in/sebiweb/other/OtherAction.do?doRecognisedFpi=yes&intmId=33"
"106","Registered Portfolio Managers","33","5","Centricity Portfolio Managers Private Limited","","INP000010007","compliance@centricity.co.in","9101122438810","9101122438810","405 A Tower B Global Business Park, Dlf Qe, GURUGRAM, HARYANA, 122002","Abhishek Sahu","","","","","https://centricity.co.in/","","compliance@centricity.co.in","9101122438810","May 07, 2026 - Perpetual","https://www.sebi.gov.in/sebiweb/other/OtherAction.do?doRecognisedFpi=yes&intmId=33"
"107","Registered Portfolio Managers","33","5","Centrum Investment Advisors Limited","","INP000007535","akshay.vora@centrum.co.in","9102242159000","9102242159533","Centrum House, CST Road Vidyanagari Marg Santacruz East, MUMBAI, MAHARASHTRA, 400098","Akshay Vora","Centrum House, CST Road Vidyanagari Marg Santacruz East, MUMBAI, MAHARASHTRA, 400098","","","","","","akshay.vora@centrum.co.in","9102242159000","Sep 06, 2022 - Perpetual","https://www.sebi.gov.in/sebiweb/other/OtherAction.do?doRecognisedFpi=yes&intmId=33"
"108","Registered Portfolio Managers","33","5","Chanakya Capital Services Private Limited","","INP000006040","vivek.jain@chanakyacapital.in","910229509062900","910229509062900","F-115, Nahar & Seth Industrial Estate,, Next to P & G Plaza, Chakala, Andheri East, MUMBAI, MAHARASHTRA, 400099","Vivek Jain","F-115, Nahar & Seth Industrial Estate, Next to P & G Plaza, Chakala, Andheri East, MUMBAI, MAHARASHTRA, 400099","","","","","","vivek.jain@chanakyacapital.in","910229509062900","Jun 25, 2018 - Perpetual","https://www.sebi.gov.in/sebiweb/other/OtherAction.do?doRecognisedFpi=yes&intmId=33"
"109","Registered Portfolio Managers","33","5","CHONA FINANCIAL SERVICES LTD","","INP000001199","","04442042222","04442042222","46, PRAKASAM STREET, T NAGAR, CHENNAI, TAMIL NADU, 600017","M.MURUGANANDAM","46, PRAKASAM STREET, T NAGAR, CHENNAI, TAMIL NADU, 600 017","","","","chona.com","","","04442042222","May 31, 2017 - Perpetual","https://www.sebi.gov.in/sebiweb/other/OtherAction.do?doRecognisedFpi=yes&intmId=33"
"110","Registered Portfolio Managers","33","5","ChrysCapital Advisors LLP","","INP000009241","AIFoperations@chryscapital.com","91111141291024","91111141291024","16th Floor, Level 15, Eros Corporate Tower, Nehru Place, NEW DELHI, NATIONAL CAPITAL TERRITORY OF DELHI, 110019","Shilpi Bansal","16th Floor, Level 15, Eros Corporate Tower, Nehru Place, NEW DELHI, NATIONAL CAPITAL TERRITORY OF DELHI, 110019","","","","","","AIFoperations@chryscapital.com","91111141291024","Feb 21, 2025 - Perpetual","https://www.sebi.gov.in/sebiweb/other/OtherAction.do?doRecognisedFpi=yes&intmId=33"
"111","Registered Portfolio Managers","33","5","Citrus Advisors Private Limited","","INP000008206","neel.visaria@citrusadvisors.com","910227738604454","910227738604454","2B/2, Neptune Apts Chs Ltd, Juhu Tara Road,Santacruz West, MUMBAI, MAHARASHTRA, 400049","Neel Visaria","Plot No.116, Sector 21,Kharghar,Near ISKCON Temple, Opp Bhagwati Gardens,Navi Mumbai, MUMBAI, MAHARASHTRA, 410210","","","","citrusadvisors.com","","neel.visaria@citrusadvisors.com","910227738604454","Jul 21, 2023 - Perpetual","https://www.sebi.gov.in/sebiweb/other/OtherAction.do?doRecognisedFpi=yes&intmId=33"
"112","Registered Portfolio Managers","33","5","CKREDENCE WEALTH MANAGEMENT PRIVATE LIMITED","","INP000007164","PRAKASH.MAVANI@CKREDENCEWEALTH.COM","9102614084406","9102614084406","901,902,903, International Wealth Center, VIP Road, Vesu, SURAT, GUJARAT, 395007","PRAKASHKUMAR MAVANI","","","","","","","PRAKASH.MAVANI@CKREDENCEWEALTH.COM","9102614084406","Feb 26, 2021 - Perpetual","https://www.sebi.gov.in/sebiweb/other/OtherAction.do?doRecognisedFpi=yes&intmId=33"
"113","Registered Portfolio Managers","33","5","Clearmind Consultancy Private Limited","","INP000009816","pkucheria@gmail.com","9109372810916","","PL 396 to 398, FL 15, Goldfield Enclave,, Koregaon Park, PUNE, MAHARASHTRA, 411001","Sandeep Meher","PL 396 to 398, FL 15, Goldfield Enclave, Koregaon Park, PUNE, MAHARASHTRA, 411001","","","","","","pkucheria@gmail.com","9109372810916","Feb 03, 2026 - Perpetual","https://www.sebi.gov.in/sebiweb/other/OtherAction.do?doRecognisedFpi=yes&intmId=33"
"114","Registered Portfolio Managers","33","5","CLEARVIEW CAPITAL ADVISORS PRIVATE LIMITED","","INP000009029","compliance@clearviewcapital.in","00919883102261","00919883102261","31 GANESH CHANDRA AVENUE, ABOVE HDFC BANK, KOLKATA, WEST BENGAL, 700013","Anju Vimal","Unit 703, 7th Floor, 90 Degree Magnus, Block EP, Sector V, Salt Lake City, Bidhan Nagar, KOLKATA, WEST BENGAL, 700091","","","","","","compliance@clearviewcapital.in","00919883102261","Sep 27, 2024 - Perpetual","https://www.sebi.gov.in/sebiweb/other/OtherAction.do?doRecognisedFpi=yes&intmId=33"
"115","Registered Portfolio Managers","33","5","Clockvine Capital Advisors Pvt Ltd","","INP000008473","bhawna.lakhotia@clockvinecapital.com","0919930765812","0919930765812","B-1802, 18th Floor, 11 Lodha Gardenia, Wadala Truck Terminal Road , New Cuffe Parade Mumbai, MUMBAI, MAHARASHTRA, 400037","Bhawna Lakhotia","B-1802, 18th Floor, 11 Lodha Gardenia, Wadala Truck Terminal Road , New Cuffe Parade Mumbai, MUMBAI, MAHARASHTRA, 400037","","","","","","bhawna.lakhotia@clockvinecapital.com","0919930765812","Dec 13, 2023 - Perpetual","https://www.sebi.gov.in/sebiweb/other/OtherAction.do?doRecognisedFpi=yes&intmId=33"
"116","Registered Portfolio Managers","33","5","CLUBMILLIONAIRE FINANCIAL SERVICES PRIVATE LIMITED","","INP000005380","preethy@clubmillionaire.in","0918848733918","0918848733918","2nd Floor Butlers Business Centre, KC Abraham Masters Road Panampilly Nagar, KOCHI, KERALA, 682036","PREETHYMOL V","2nd Floor Butlers Business Centre, KC Abraham Masters Road Panampilly Nagar, KOCHI, KERALA, 682036","","","","","","preethy@clubmillionaire.in","0918848733918","Apr 13, 2017 - Perpetual","https://www.sebi.gov.in/sebiweb/other/OtherAction.do?doRecognisedFpi=yes&intmId=33"
"117","Registered Portfolio Managers","33","5","Coheron Wealth private Limited","","INP000009922","","","","16TH FLOOR 1609 CODENAME ONE LODHA PLACE, SENAPATI BAPAT MARG LOWER PAREL, MUMBAI, MAHARASHTRA, 400018","Rupali Sinha","","","","","www.coheronwealth.com","","","","Apr 06, 2026 - Perpetual","https://www.sebi.gov.in/sebiweb/other/OtherAction.do?doRecognisedFpi=yes&intmId=33"
"118","Registered Portfolio Managers","33","5","Complete CircleWealth Solutions LLP","","INP100007365","vinod@completecirclewealth.com","91011454644730","91011454644730","911, Tolstoy House, Tolstoy Marg, New Delhi, Central Delhi, NEW DELHI, NATIONAL CAPITAL TERRITORY OF DELHI, 110001","Vinod Singhania","911, Tolstoy House, Tolstoy Marg, New Delhi, Central Delhi, NEW DELHI, NATIONAL CAPITAL TERRITORY OF DELHI, 110001","","","","completecirclewealth.com","","vinod@completecirclewealth.com","91011454644730","Mar 22, 2022 - Perpetual","https://www.sebi.gov.in/sebiweb/other/OtherAction.do?doRecognisedFpi=yes&intmId=33"
"119","Registered Portfolio Managers","33","5","COMPOSITE INVESTMENTS PRIVATE LIMITED","","INP000006396","prakash@compositeinvestments.com","91808022244912","91808022244912","NO 30/1 3RD FLOOR, S J TOWERS MISSION ROAD, BANGALORE, KARNATAKA, 560027","PRAKASH NAYAK BADAGABETTU","NO 30/1 3RD FLOOR, S J TOWERS MISSION ROAD, BANGALORE, KARNATAKA, 560027","","","","","","prakash@compositeinvestments.com","91808022244912","Feb 23, 2019 - Perpetual","https://www.sebi.gov.in/sebiweb/other/OtherAction.do?doRecognisedFpi=yes&intmId=33"
"120","Registered Portfolio Managers","33","5","COMPOUND EVERYDAY CAPITAL MANAGEMENT LLP","","INP000006633","arpit.parmar@cedcapital.in","9107312510070","9107312510070","Sakar Bhawan, 2nd Floor, ATM Side, 21/4 Ratlam Kothi Main Road, Above Federal Bank, INDORE, MADHYA PRADESH, 452001","Arpit Parmar","Sakar Bhawan, 2nd Floor, ATM Side, 21/4 Ratlam Kothi Main Road, Above Federal Bank, INDORE, MADHYA PRADESH, 452001","","","","","","arpit.parmar@cedcapital.in","9107312510070","Apr 11, 2019 - Perpetual","https://www.sebi.gov.in/sebiweb/other/OtherAction.do?doRecognisedFpi=yes&intmId=33"
"121","Registered Portfolio Managers","33","5","CONCEPT INVESTWELL PRIVATE LIMITED","","INP000006323","compliance@conceptinvestwell.com","9102612206026","9102612206026","10 A UNION HEIGHTS , MAHARANA PRATAP ROAD, RAHUL RAJ MALL LANE,DUMAS ROAD, SURAT, GUJARAT, 395007","NIRAV DESAI","10 A UNION HEIGHTS, MAHARANA PRATAP ROAD, RAHUL RAJJ MALL, SURAT, GUJARAT, 395007","","","","","","compliance@conceptinvestwell.com","9102612206026","Dec 13, 2018 - Perpetual","https://www.sebi.gov.in/sebiweb/other/OtherAction.do?doRecognisedFpi=yes&intmId=33"
"122","Registered Portfolio Managers","33","5","CONSORTIUM SECURITIES PVT. LTD.","","INP000003658","PRADEEPRAJ@CONSORTIUMSECURITIES.COM","9101145622022","9101145622022","36, SANT NAGAR, EAST OF KAILASH, NEW DELHI, NATIONAL CAPITAL TERRITORY OF DELHI, 110065","PARDEEP RAJ","3RD FLOOR PLOT NO. 274, SHAHEED CAPTAIN GAUR MARG SRINIWAS PURI, DELHI, NATIONAL CAPITAL TERRITORY OF DELHI, 110065","","","","consortiumsecurities.com/","","PRADEEPRAJ@CONSORTIUMSECURITIES.COM","9101145622022","May 11, 2013 - Perpetual","https://www.sebi.gov.in/sebiweb/other/OtherAction.do?doRecognisedFpi=yes&intmId=33"
"123","Registered Portfolio Managers","33","5","Constellation Sports & Entertainment Partners LLP","","INP000008710","venkatachalam@capitalfortunes.com","0406603 8300","0406603 8300","8 2 698, 5th Floor, 403 M J Towers, Road No. 12, Banjara Hills, Hyderabad, HYDERABAD, TELANGANA, 500034","Venkata Chalam","8 2 698, 5th Floor, 403 M J Towers, Road No. 12, Banjara Hills, Hyderabad, HYDERABAD, TELANGANA, 500034","","","","","","venkatachalam@capitalfortunes.com","0406603 8300","May 09, 2024 - Perpetual","https://www.sebi.gov.in/sebiweb/other/OtherAction.do?doRecognisedFpi=yes&intmId=33"
"124","Registered Portfolio Managers","33","5","Corporate Business Advisors Private Limited","","INP000008190","rekha@cbacapital.in","9101126186149","","BE/2C, DDA Flats Munirka New Delhi, South Delhi 110067, India, NEW DELHI, NATIONAL CAPITAL TERRITORY OF DELHI, 110067","Rekha Singh","BE/2C, DDA Flats Munirka New Delhi, South Delhi 110067, India, NEW DELHI, NATIONAL CAPITAL TERRITORY OF DELHI, 110067","","","","cbacapital.in","","rekha@cbacapital.in","9101126186149","Jul 10, 2023 - Perpetual","https://www.sebi.gov.in/sebiweb/other/OtherAction.do?doRecognisedFpi=yes&intmId=33"
"125","Registered Portfolio Managers","33","5","cosmea portfolio management private limited","","INP000008251","pmscompliance@torusoropms.com","9102235931757","9102235931757","2nd floor, ICC Chambers II, Saki Vihar Road, , Near MTNLoffice,Powai,, MUMBAI, MAHARASHTRA, 400072","Rakesh Postandel","2nd floor, ICC Chambers II, Saki Vihar Road, , Near MTNLoffice,Powai, MUMBAI, MAHARASHTRA, 400072","","","","","","pmscompliance@torusoropms.com","9102235931757","Aug 23, 2023 - Perpetual","https://www.sebi.gov.in/sebiweb/other/OtherAction.do?doRecognisedFpi=yes&intmId=33"
"126","Registered Portfolio Managers","33","6","COUNTER CYCLICAL INVESTMENTS PRIVATE LIMITED","","INP000006554","Sumit@cciplpms.com","9107122591144","9107122591144","401, PN 16, SHIRKEY BUILDING, L/O RAJ NAGAR S B CLY, NAGPUR, MAHARASHTRA, 440013","Sumit Panwar","303, MOHTA BUILDING, SBI COMPOUND, CHHAONI, KATOL ROAD, NAGPUR, MAHARASHTRA, 440013","","","","cciplpms.com/","","Sumit@cciplpms.com","9107122591144","Apr 04, 2019 - Perpetual","https://www.sebi.gov.in/sebiweb/other/OtherAction.do?doRecognisedFpi=yes&intmId=33"
"127","Registered Portfolio Managers","33","6","Courser Park Advisors LLP","","INP000008303","gayathri@courserpark.com","00919972006026","00919972006026","C 1402, G Crop Residencies, 115 ST bed Layout, Opp. Nirguna Mandir, Koramangala I Block, BANGALORE, KARNATAKA, 560034","Gayathri Rao","Jai Ganesh situated at No 633, IVth Cross 100 Road III Block Koramangala, BANGALORE, KARNATAKA, 560034","","","","","","gayathri@courserpark.com","00919972006026","Sep 22, 2023 - Perpetual","https://www.sebi.gov.in/sebiweb/other/OtherAction.do?doRecognisedFpi=yes&intmId=33"
"128","Registered Portfolio Managers","33","6","Credent Asset Management Services Private Limited","","INP000006101","compliance@credentglobal.com","9102268452001","9102268452001","306, B2, Shubham Centre, Cardinal Gracious Road, Chakala, Andheri East, MUMBAI, MAHARASHTRA, 400099","Preeti Sethi","Unit No. 609, 6th Floor, C Wing, One BKC, G Block, Bandra Kurla Complex, Bandra East, MUMBAI, MAHARASHTRA, 400051","","","","","","compliance@credentglobal.com","9102268452001","Dec 18, 2023 - Perpetual","https://www.sebi.gov.in/sebiweb/other/OtherAction.do?doRecognisedFpi=yes&intmId=33"
"129","Registered Portfolio Managers","33","6","CREST CAPITAL MANAGEMENT PRIVATE LIMITED","","INP000009612","zuhaib@crest-group.co","00919871396555","00919871396555","B 601, Lantane Mahindra S, LBS Marg, Bhandup West, MUMBAI, MAHARASHTRA, 400078","Zuhaib Khan","B wing 6th floor, Supreme Business Park Wing B, SUPREME BUSINESS PARK, , Cliff Avenue Unit No. B, 501a, Hiranandani Gardens, Powai, MUMBAI, MAHARASHTRA, 400076","","","","","","zuhaib@crest-group.co","00919871396555","Aug 28, 2025 - Perpetual","https://www.sebi.gov.in/sebiweb/other/OtherAction.do?doRecognisedFpi=yes&intmId=33"
"130","Registered Portfolio Managers","33","6","Cumulus Advisory LLP","","INP000009214","compliance@cumuluswealth.in","0919944147077","0919944147077","24,44, 2nd Main Road, Kasturibai Nagar, Chennai, Chennai City Corporation, CHENNAI, TAMIL NADU, 600020","Chandrasekar Santhosh","24,44, 2nd Main Road, Kasturibai Nagar, Chennai, Chennai City Corporation, CHENNAI, TAMIL NADU, 600020","","","","","","compliance@cumuluswealth.in","0919944147077","Jan 31, 2025 - Perpetual","https://www.sebi.gov.in/sebiweb/other/OtherAction.do?doRecognisedFpi=yes&intmId=33"
"131","Registered Portfolio Managers","33","6","CX ADVISORS LLP","","INP000008525","vinayak@cxpartners.in","001147640000","001147640000","Atelier Level 1 Suite No 3 Worldmark 2, Aerocity, NEW DELHI, NATIONAL CAPITAL TERRITORY OF DELHI, 110037","Vinayak Shenvi","Atelier Level 1 Suite No 3 Worldmark 2, Aerocity, NEW DELHI, NATIONAL CAPITAL TERRITORY OF DELHI, 110037","","","","cxpartners.in/","","vinayak@cxpartners.in","001147640000","Jan 09, 2024 - Perpetual","https://www.sebi.gov.in/sebiweb/other/OtherAction.do?doRecognisedFpi=yes&intmId=33"
"132","Registered Portfolio Managers","33","6","DALAL & BROACHA STOCK BROKING PVT. LTD.","","INP000001975","","22822992","22822992","506 Maker Chambers V, 221 Nariman Point, MUMBAI, MAHARASHTRA, 400021","Chetan Mehta","506, Maker Chambers V, 221 Nariman Point, MUMBAI, MAHARASHTRA, 400021","","","","dalal-broacha.com/","","","22822992","Mar 15, 2016 - Perpetual","https://www.sebi.gov.in/sebiweb/other/OtherAction.do?doRecognisedFpi=yes&intmId=33"
"133","Registered Portfolio Managers","33","6","DARASHAW & COMPANY LTD","","INP000000431","","66306612/22652835","66306612/22652835","3,Rajesh Mansion, D.Vachha Road,Churchgate, MUMBAI, MAHARASHTRA, 400020","M.Bina Shah","1205/06, REGENT CHAMBER, NARIMAN POINT, MUMBAI, MAHARASHTRA, 400021","","","","darashaw.com","","","66306612/22652835","Oct 16, 2015 - Perpetual","https://www.sebi.gov.in/sebiweb/other/OtherAction.do?doRecognisedFpi=yes&intmId=33"
"134","Registered Portfolio Managers","33","6","DEUTSCHE INVESTMENTS INDIA PRIVATE LIMITED","","INP000002825","","6658 4578","6658 4578","Nirlon Knowledge Park, Block B-1,, Western Express Highway, Goregaon(East), MUMBAI, MAHARASHTRA, 400063","Sanjiv Nagar","","","","","country.db.com/india/deutsche-investments-india/","","","6658 4578","Jul 25, 2008 - Perpetual","https://www.sebi.gov.in/sebiweb/other/OtherAction.do?doRecognisedFpi=yes&intmId=33"
"135","Registered Portfolio Managers","33","6","DEZERV INVESTMENTS PRIVATE LIMITED","","INP000007377","kavita.khatri@dezerv.in","910009167830754","910009167830754","Unit No. 301, Trade Centre, Bandra East, MUMBAI, MAHARASHTRA, 400051","Kavita Khatri","Unit No. 301, Trade Centre, Bandra East, MUMBAI, MAHARASHTRA, 400051","","","","","","kavita.khatri@dezerv.in","910009167830754","Mar 24, 2022 - Perpetual","https://www.sebi.gov.in/sebiweb/other/OtherAction.do?doRecognisedFpi=yes&intmId=33"
"136","Registered Portfolio Managers","33","6","DGS CAPITAL MANAGEMENT PRIVATE LIMITED","","INP000004870","","","","M-116, First Floor, Connaught Place, Outer Circle, NEW DELHI, NATIONAL CAPITAL TERRITORY OF DELHI, 110001","","1109 JMD Megapolis, Sohna Road, Sector 48, GURGAON, HARYANA, 122018","","","","","","","","Oct 05, 2015 - Perpetual","https://www.sebi.gov.in/sebiweb/other/OtherAction.do?doRecognisedFpi=yes&intmId=33"
"137","Registered Portfolio Managers","33","6","Divya Capital One Private Limited","","INP000008145","cs@divyacapitalone.com","9101149535515","9101149535515","Commercial Unit No. 510/511/511A, 5th Floor ,Dalal Street Commercial Co-Operative Society Ltd, Xchange Plaza Block No.-53, Building No. 53E, Zone-5, Road 5E, GIFT City, GANDHINAGAR, GUJARAT, 382355","Haritima Singh","S-3 Level Hall No. 3 Block E, International Trade Tower Nehru Place, DELHI, NATIONAL CAPITAL TERRITORY OF DELHI, 110019","","","","divyacapitalone.com/","","cs@divyacapitalone.com","9101149535515","Jun 08, 2023 - Perpetual","https://www.sebi.gov.in/sebiweb/other/OtherAction.do?doRecognisedFpi=yes&intmId=33"
"138","Registered Portfolio Managers","33","6","DMZ Partners Investment Management LLP","","INP000005944","soumil@dmzpartners.in","9102224965361","","705 Nirman Kendra, Off E Moses Road, Mahalaxmi, MUMBAI, MAHARASHTRA, 400011","Mitesh Shah","705 Nirman Kendra, Off E Moses Road, Mahalaxmi, MUMBAI, MAHARASHTRA, 400011","","","","dmzpartners.in","","soumil@dmzpartners.in","9102224965361","Feb 23, 2018 - Perpetual","https://www.sebi.gov.in/sebiweb/other/OtherAction.do?doRecognisedFpi=yes&intmId=33"
"139","Registered Portfolio Managers","33","6","Dolat Capital Market Private Limited","","INP000009603","arushc@dolatcapital.com","000917977030733","000917977030733","1401 1410, Dolat Capital, 14th Floor,, DSCCL, Block 53, Road 5E, GIFT DTA, GIFT City, GANDHINAGAR, GUJARAT, 382050","Arush Chaturvedi","1005, 10th Floor, Sunshine Tower, Senapati Bapat Marg, Prabhadevi., MUMBAI, MAHARASHTRA, 400013","","","","","","arushc@dolatcapital.com","000917977030733","Aug 26, 2025 - Perpetual","https://www.sebi.gov.in/sebiweb/other/OtherAction.do?doRecognisedFpi=yes&intmId=33"
"140","Registered Portfolio Managers","33","6","DRCHOKSEY FINSERV PRIVATE LIMITED","","INP000007906","compliance@drchoksey.com","91229819807974","","5TH FLOOR ABHISHEK BUILDING BEHIND MONGINIS CAKE FACTORY , OFF NEW LINK ROAD ANDHERI WEST, MUMBAI, MAHARASHTRA, 400053","Maulik Trivedi","5TH FLOOR ABHISHEK BUILDING BEHIND MONGINIS CAKE FACTORY , OFF NEW LINK ROAD ANDHERI WEST, MUMBAI, MAHARASHTRA, 400053","","","","https://devenchoksey.com/","","compliance@drchoksey.com","91229819807974","Mar 13, 2023 - Perpetual","https://www.sebi.gov.in/sebiweb/other/OtherAction.do?doRecognisedFpi=yes&intmId=33"
"141","Registered Portfolio Managers","33","6","Driv Drisht LLP","","INP000008570","cs@dhanvesttor.com","9103322800152","9103322800152","Surabhi, 2nd Floor, 8 1 2 DR UN Brahmachari Street, Circus Avenue, Shakespeare Sarani, Kolkata 700017, West Bengal, India, KOLKATA, WEST BENGAL, 700017","Neha Verma","Surabhi, 2nd Floor, 8 1 2 DR UN Brahmachari Street, Circus Avenue, Shakespeare Sarani, Kolkata 700017, West Bengal, India, KOLKATA, WEST BENGAL, 700017","","","","","","cs@dhanvesttor.com","9103322800152","Feb 07, 2024 - Perpetual","https://www.sebi.gov.in/sebiweb/other/OtherAction.do?doRecognisedFpi=yes&intmId=33"
"142","Registered Portfolio Managers","33","6","DSIJ WEALTH ADVISORY PRIVATE LIMITED","","INP000009940","","","","Office No. 409, SR No. 101/A/1, CTS No. 2069/A/1 SBH K Pune City, Yerwada, Pune, PUNE, MAHARASHTRA, 411006","Abhishek Chitre","","","","","https://www.dsij.in/","","","","Apr 20, 2026 - Perpetual","https://www.sebi.gov.in/sebiweb/other/OtherAction.do?doRecognisedFpi=yes&intmId=33"
"143","Registered Portfolio Managers","33","6","DT Portfolio Managers LLP","","INP000009542","shiv.rohira@dt-partners.in","91919820880099","91919820880099","146, 14th Floor, Plot 220, Maker Chamber VI, Jamnalal Bajaj Marg, Nariman Point, MUMBAI, MAHARASHTRA, 400021","Shiv Rohira","111A, 11th floor, Mittal Chambers, 228, Nariman Point, MUMBAI, MAHARASHTRA, 400021","","","","","","shiv.rohira@dt-partners.in","91919820880099","Jul 09, 2025 - Perpetual","https://www.sebi.gov.in/sebiweb/other/OtherAction.do?doRecognisedFpi=yes&intmId=33"
"144","Registered Portfolio Managers","33","6","DV INVESTMENT ADVISORS LLP","","INP000009515","compliances@dvia.com","00919819741338","00919819741338","2001, Sumer Trinity Tower 1, New Prabhadevi Road, Prabhadevi, MUMBAI, MAHARASHTRA, 400025","Preet Shah","704, 7th Floor, Trade World, Kamala Mills, C wing, Senaparti Bapat Marg, lower Parel West, MUMBAI, MAHARASHTRA, 400013","","","","","","compliances@dvia.com","00919819741338","Jun 30, 2025 - Perpetual","https://www.sebi.gov.in/sebiweb/other/OtherAction.do?doRecognisedFpi=yes&intmId=33"
"145","Registered Portfolio Managers","33","6","DWAITH ADVISORY PRIVATE LIMITED","","INP000008561","harsha.venkatesh@gmail.com","0919108992346","","Ground Floor, Brigade MLR Center c/o Zepco Technologies Private Limited, , No. 50, Vanivilas Road, Basavanagudi, BANGALORE, KARNATAKA, 560004","VenkateshaMurthy","Ground Floor, Brigade MLR Center c/o Zepco Technologies Private Limited, , No. 50, Vanivilas Road, Basavanagudi, BANGALORE, KARNATAKA, 560004","","","","dwaithfunds.com/dwaith-pms/","","harsha.venkatesh@gmail.com","0919108992346","Feb 05, 2024 - Perpetual","https://www.sebi.gov.in/sebiweb/other/OtherAction.do?doRecognisedFpi=yes&intmId=33"
"146","Registered Portfolio Managers","33","6","DYNAMIC EQUITIES PRIVATE LIMITED","","INP000003468","","033 30010000","033 30010000","""Technopolis"" 14th floor, Plot No. BP4, Sector-V, Saltlake, KOLKATA, WEST BENGAL, 700091","MS. DOLLY DHAVLE","Technopolis 14th Floor, Plot No.BP4, Sector-V, Saltlake, KOLKATA, WEST BENGAL, 700091","","","","valuestocks.in/","","","033 30010000","Nov 16, 2015 - Perpetual","https://www.sebi.gov.in/sebiweb/other/OtherAction.do?doRecognisedFpi=yes&intmId=33"
"147","Registered Portfolio Managers","33","6","EAAA India Alternatives Limited","","INP000008260","alternativescompliance@edelweissalts.com","9102240194706","","Edelweiss House, Off C.S.T. Road,, Kalina,, MUMBAI, MAHARASHTRA, 400098","Ankur Kedia","Edelweiss House, Off C.S.T. Road, Kalina, MUMBAI, MAHARASHTRA, 400098","","","","https://www.eaaa.in/","","alternativescompliance@edelweissalts.com","9102240194706","Sep 06, 2023 - Perpetual","https://www.sebi.gov.in/sebiweb/other/OtherAction.do?doRecognisedFpi=yes&intmId=33"
"148","Registered Portfolio Managers","33","6","East Green Advisors LLP","","INP000008075","","","","","","","","","","","","","","May 10, 2023 - Perpetual","https://www.sebi.gov.in/sebiweb/other/OtherAction.do?doRecognisedFpi=yes&intmId=33"
"149","Registered Portfolio Managers","33","6","East Lane Capital LLP","","INP000007058","atulvaid13@yahoo.com","91009833829434","91009833829434","2804 PRESTIGE TURF TOWER SHAKTI MILL LANE DR E MOSES ROAD, MAHALAXMI, MUMBAI, MAHARASHTRA, 400011","Atul Vaid","2804 PRESTIGE TURF TOWER SHAKTI MILL LANE DR E MOSES ROAD, MAHALAXMI, MUMBAI, MAHARASHTRA, 400011","","","","","","atulvaid13@yahoo.com","91009833829434","Sep 10, 2020 - Perpetual","https://www.sebi.gov.in/sebiweb/other/OtherAction.do?doRecognisedFpi=yes&intmId=33"
"150","Registered Portfolio Managers","33","6","Ebisu Investment Advisors LLP","","INP000009250","pankaj.mittal@ebisuinvestments.com","910227738322241","910227738322241","C 3 52, Pravasi INDL Estate, Off Aarey Road, Goregaon Police Station, Goregaon East, MUMBAI, MAHARASHTRA, 400063","Pankajkumar Mittal","C 3 52, Pravasi INDL Estate, Off Aarey Road, Goregaon Police Station, Goregaon East, MUMBAI, MAHARASHTRA, 400063","","","","","","pankaj.mittal@ebisuinvestments.com","910227738322241","Feb 24, 2025 - Perpetual","https://www.sebi.gov.in/sebiweb/other/OtherAction.do?doRecognisedFpi=yes&intmId=33"
"151","Registered Portfolio Managers","33","7","EDELWEISS ASSET MANAGEMENT LIMITED","","INP000004631","","022 4088 5670","022 4088 5670","Edelweiss House, Off CST Road, Kalina, MUMBAI, MAHARASHTRA, 400098","Radhika Gupta","Edelweiss House, Off CST Road, Kalina, MUMBAI, MAHARASHTRA, 400098","","","","","","","022 4088 5670","Jan 20, 2015 - Perpetual","https://www.sebi.gov.in/sebiweb/other/OtherAction.do?doRecognisedFpi=yes&intmId=33"
"152","Registered Portfolio Managers","33","7","Edelweiss Global Wealth Management Limited","","INP000008880","pms.compliance@edelweissfin.com","9102240795199","","Edelweiss House, Off. C.S.T. Road,, Kalina,, MUMBAI, MAHARASHTRA, 400098","Hetal Pandit","Edelweiss House, Off. C.S.T. Road, Kalina, MUMBAI, MAHARASHTRA, 400098","","","","","","pms.compliance@edelweissfin.com","9102240795199","Aug 19, 2024 - Perpetual","https://www.sebi.gov.in/sebiweb/other/OtherAction.do?doRecognisedFpi=yes&intmId=33"
"153","Registered Portfolio Managers","33","7","EKLAVYA CAPITAL ADVISORS LLP","","INP000005265","","","","H-3, Siddh Apartment, 107 IP Extension, NEW DELHI, 110092","","UGF 27, Block C, Omaxe Gurgaon Mall, Sohna Road, GURUGRAM, HARYANA, 122001","","","","eklavyacap.in","","","","Nov 01, 2016 - Perpetual","https://www.sebi.gov.in/sebiweb/other/OtherAction.do?doRecognisedFpi=yes&intmId=33"
"154","Registered Portfolio Managers","33","7","Electrum Portfolio Managers Private Limited","","INP000007544","Rakesh@electrumcapital.in","9102249692465","","1301,13th Floor, Morya Grand, Off New Link Road, Opp Infinity Mall, Andheri West, MUMBAI, MAHARASHTRA, 400053","Rakesh Garg","1301,13th Floor, Morya Grand, Off New Link Road, Opp Infinity Mall, Andheri West, MUMBAI, MAHARASHTRA, 400053","","","","https://electrumcapital.in","","Rakesh@electrumcapital.in","9102249692465","Sep 08, 2022 - Perpetual","https://www.sebi.gov.in/sebiweb/other/OtherAction.do?doRecognisedFpi=yes&intmId=33"
"155","Registered Portfolio Managers","33","7","ELITE WEALTH LIMITED","","INP000003021","","","","","","","","","","","","","","Nov 03, 2014 - Perpetual","https://www.sebi.gov.in/sebiweb/other/OtherAction.do?doRecognisedFpi=yes&intmId=33"
"156","Registered Portfolio Managers","33","7","ELIXIR EQUITIES PVT. LTD.","","INP000002163","","61151919","61151919","508 APEEJAY HOUSE, 130 Mumbai Samachar Marg , Fort, MUMBAI, MAHARASHTRA, 400023","Dipan Mehta","58, Mittal Chambers, 228, Nariman Point, MUMBAI, MAHARASHTRA, 400021","","","","elixirequities.com/","","","61151919","Jun 01, 2016 - Perpetual","https://www.sebi.gov.in/sebiweb/other/OtherAction.do?doRecognisedFpi=yes&intmId=33"
"157","Registered Portfolio Managers","33","7","EMKAY INVESTMENT MANAGERS LIMITED","","INP000004458","compliance@emkayglobal.com","9102266299299","9102266299299","The Ruby, 7th Floor,, Senapati Bapat Marg, Dadar W,, MUMBAI, MAHARASHTRA, 400028","Arvind Tankkar","C 6, Ground Floor, Paragon Center, P.B. Marg, Opp. Century Mills, Worli, MUMBAI, MAHARASHTRA, 400013","","","","","","compliance@emkayglobal.com","9102266299299","Mar 16, 2015 - Perpetual","https://www.sebi.gov.in/sebiweb/other/OtherAction.do?doRecognisedFpi=yes&intmId=33"
"158","Registered Portfolio Managers","33","7","ENAM ASSET MANAGEMENT CO.PVT.LTD","","INP000000225","","66291209","66291209","810, RAHEJA CHAMBERS, FPJ ROAD,, NARIMAN POINT,, MUMBAI, MAHARASHTRA, 400021","RASHMIKANT SHAH","810, RAHEJA CHAMBERS, FPJ ROAD, NARIMAN POINT, MUMBAI, MAHARASHTRA, 400020","","","","","","","66291209","Jul 01, 2016 - Perpetual","https://www.sebi.gov.in/sebiweb/other/OtherAction.do?doRecognisedFpi=yes&intmId=33"
"159","Registered Portfolio Managers","33","7","Entrust Family Office Investment Advisors Private Limited","","INP000006314","compliance@entrust.co.in","9108041479777","9108041479777","No.24, 4th Floor, 1st Cross, Magrath Road,, BANGALORE, KARNATAKA, 560025","Pradeep A N","No.24,4th Floor, 1st Cross, Magrath Road, BANGALORE, KARNATAKA, 560025","","","","","","compliance@entrust.co.in","9108041479777","Dec 11, 2018 - Perpetual","https://www.sebi.gov.in/sebiweb/other/OtherAction.do?doRecognisedFpi=yes&intmId=33"
"160","Registered Portfolio Managers","33","7","ENVISION CAPITAL SERVICES PVT.LTD.","","INP000003575","chetan.yadav@envisioncapital.in","91222243553000","91222243553000","33 MAKER CHAMBERS 6, JAMNALAL BAJAJ MARG, MUMBAI, MAHARASHTRA, 400021","Chetan Yadav","217, Tulsiani Chambers, Nariman Point, MUMBAI, MAHARASHTRA, 400021","","","","","","chetan.yadav@envisioncapital.in","91222243553000","Mar 04, 2016 - Perpetual","https://www.sebi.gov.in/sebiweb/other/OtherAction.do?doRecognisedFpi=yes&intmId=33"
"161","Registered Portfolio Managers","33","7","Epiq Capital Investment Advisory LLP","","INP000007793","comp@epiqcapital.com","9102262817100","9102262817100","Birla Aurora, Level 15, Dr. Annie Besant Road, Worli, MUMBAI, MAHARASHTRA, 400030","Kamlesh Patre","Birla Aurora, Level 15, Dr. Annie Besant Road, Worli, MUMBAI, MAHARASHTRA, 400030","","","","","","comp@epiqcapital.com","9102262817100","Jan 18, 2023 - Perpetual","https://www.sebi.gov.in/sebiweb/other/OtherAction.do?doRecognisedFpi=yes&intmId=33"
"162","Registered Portfolio Managers","33","7","Equentis Wealth Advisory Services Limited","","INP000008969","pmscompliance@equentis.com","00002261013800","","A603, Marathon Futurex, Mafatlal Mills Compound, N M Joshi Marg, Lower Parel E, Mumbai, MUMBAI, MAHARASHTRA, 400013","Rakesh Gupta","A603, Marathon Futurex, Mafatlal Mills Compound, N M Joshi Marg, Lower Parel E, Mumbai, MUMBAI, MAHARASHTRA, 400013","","","","equentis.com/researchandranking","","pmscompliance@equentis.com","00002261013800","Sep 09, 2024 - Perpetual","https://www.sebi.gov.in/sebiweb/other/OtherAction.do?doRecognisedFpi=yes&intmId=33"
"163","Registered Portfolio Managers","33","7","Equinova Investment Managers Private Limited","","INP000009700","anuj.bansal@equinova.co.in","000919930260580","000919930260580","Unit no. 603, 6th Floor, INS Tower, G Block,, Bandra Kurla Complex, Bandra East, MUMBAI, MAHARASHTRA, 400051","Anuj Bansal","Unit no. 603, 6th Floor, INS Tower, G Block, Bandra Kurla Complex, Bandra East, MUMBAI, MAHARASHTRA, 400051","","","","http: www.equinova.co.in","","anuj.bansal@equinova.co.in","000919930260580","Nov 27, 2025 - Perpetual","https://www.sebi.gov.in/sebiweb/other/OtherAction.do?doRecognisedFpi=yes&intmId=33"
"164","Registered Portfolio Managers","33","7","Equipoise Capital Management Private Limited","","INP000008756","aashish@equipoise.in","9102240221202","","505 Keshava, Bandra Kurla Complex Bandra East, MUMBAI, MAHARASHTRA, 400051","Pressy Dsouza","505 Keshava, Bandra Kurla Complex Bandra East, MUMBAI, MAHARASHTRA, 400051","","","","equipoise.in/portfolio-management/","","aashish@equipoise.in","9102240221202","Jun 26, 2024 - Perpetual","https://www.sebi.gov.in/sebiweb/other/OtherAction.do?doRecognisedFpi=yes&intmId=33"
"165","Registered Portfolio Managers","33","7","EQUIRUS WEALTH PRIVATE LIMITED","","INP000007076","equirus_compliance@equirus.com","9107961909586","9107961909586","A1303MarathonFuturexMafatlalMillsCompound , NMJOSHIMARGLOWERPAREL, MUMBAI, MAHARASHTRA, 400013","JINESHA MEHTA","3RD FLOOR HOUSE NO 9 MAGNET CORPORATE PARK, B/H INTAS SOLA BRIDGE S G HIGHWAY THALTEJ, AHMEDABAD, GUJARAT, 380054","","","","","","equirus_compliance@equirus.com","9107961909586","Oct 06, 2020 - Perpetual","https://www.sebi.gov.in/sebiweb/other/OtherAction.do?doRecognisedFpi=yes&intmId=33"
"166","Registered Portfolio Managers","33","7","Equitree Capital Advisors Private Limited","","INP000005777","pawan@equitreecapital.com","9102249055100","","M-4, President Plaza, Nr. Krushi Mangal Hall, Ring Road, SURAT, GUJARAT, 395002","Suneet Kabra","1201, 12th Floor, Tower 1, Indiabulls Finance Center, Elphinstone Road, MUMBAI, MAHARASHTRA, 400013","","","","EQUITREECAPITAL.COM","","pawan@equitreecapital.com","9102249055100","Jul 28, 2017 - Perpetual","https://www.sebi.gov.in/sebiweb/other/OtherAction.do?doRecognisedFpi=yes&intmId=33"
"167","Registered Portfolio Managers","33","7","EQUITY INTELLIGENCE INDIA PVT. LTD.","","INP000000787","","04842323232","04842323232","5th Floor, Areekal Mansion, Manorama Jn. Main Avenue, Panampilly Nagar, KERALA, 682036","MR.ABHILASH VARGHESE","5th Floor, Areekal Mansion, Manorama Jn., Main Avenue, Panampilly Nagar, KERALA, 682036","","","","equityintelligence.com/","","","04842323232","Mar 16, 2015 - Perpetual","https://www.sebi.gov.in/sebiweb/other/OtherAction.do?doRecognisedFpi=yes&intmId=33"
"168","Registered Portfolio Managers","33","7","ESCORP ASSET MANAGEMENT LIMITED","","INP000005372","","","","60, Khatau Building, Grd Floor, Alkesh Dinesh Modi Marg, Fort, MUMBAI, MAHARASHTRA, 400018","","718-A, P.J.Towers, , Dalal Street, Fort, MUMBAI, MAHARASHTRA, 400018","","","","escorpamc.co.in/","","","","Apr 06, 2017 - Perpetual","https://www.sebi.gov.in/sebiweb/other/OtherAction.do?doRecognisedFpi=yes&intmId=33"
"169","Registered Portfolio Managers","33","7","Estee Advisors Private Limited","","INP000007720","umesh.kumar@esteeadvisors.com","911240004637700","911240004637700","PO5-01A, PO5-01B, PO5-01C, 5th Floor, Tower A, WTC Gift City, Block 51, Road 5E, Zone 5,, Gift City, Gandhinagar,, GANDHINAGAR, GUJARAT, 382355","Umesh Kumar","8th Floor, Block I, Vatika Business Park, Sohna Road, Sector 49, GURUGRAM, HARYANA, 122001","","","","esteeadvisors.com","","umesh.kumar@esteeadvisors.com","911240004637700","Dec 27, 2022 - Perpetual","https://www.sebi.gov.in/sebiweb/other/OtherAction.do?doRecognisedFpi=yes&intmId=33"
"170","Registered Portfolio Managers","33","7","Eternity Investments Management Partners LLP","","INP000009755","compliance@eternityim.in","9122044833736","","Office No. G2, 6th Floor, 35 Court Chambers, Vitthaldas Thackarsey Marg, Marine Lines, Mumbai 400020, MUMBAI, MAHARASHTRA, 400020","Parvez Pochkhanawala","Office No. G2, 6th Floor, 35 Court Chambers, Vitthaldas Thackarsey Marg, Marine Lines, Mumbai 400020, MUMBAI, MAHARASHTRA, 400020","","","","www.eternityim.in","","compliance@eternityim.in","9122044833736","Jan 01, 2026 - Perpetual","https://www.sebi.gov.in/sebiweb/other/OtherAction.do?doRecognisedFpi=yes&intmId=33"
"171","Registered Portfolio Managers","33","7","EUREKA PORTFOLIO MANAGEMENT SERVICES PVT LTD","","INP000005740","PMS@EUREKASEC.COM","9103366280000","9103322105184","DN 51 Merlin Infinite 11th Floor, Salt Lake Sector V, KOLKATA, WEST BENGAL, 700091","VIVEK KHATOR","DN 51 Merlin Infinite 11th Floor, Salt Lake Sector V, KOLKATA, WEST BENGAL, 700091","","","","eurekasec.com/","","PMS@EUREKASEC.COM","9103366280000","Jul 19, 2017 - Perpetual","https://www.sebi.gov.in/sebiweb/other/OtherAction.do?doRecognisedFpi=yes&intmId=33"
"172","Registered Portfolio Managers","33","7","FE SECURITIES PRIVATE LIMITED","","INP000009269","fes@fesecurities.in","9101123350670","","814 ARUNACHAL BUILDING, 19 BARAKHAMBA ROAD, DELHI, NATIONAL CAPITAL TERRITORY OF DELHI, 110001","ANIL KUMAR","803 Arunachal Building, 19 BARAKHAMBA ROAD, DELHI, NATIONAL CAPITAL TERRITORY OF DELHI, 110001","","","","","","fes@fesecurities.in","9101123350670","Feb 28, 2025 - Perpetual","https://www.sebi.gov.in/sebiweb/other/OtherAction.do?doRecognisedFpi=yes&intmId=33"
"173","Registered Portfolio Managers","33","7","FIDENT ASSET MANAGEMENT PRIVATE LIMITED","","INP000008482","","","","","","","","","","","","","","Dec 14, 2023 - Perpetual","https://www.sebi.gov.in/sebiweb/other/OtherAction.do?doRecognisedFpi=yes&intmId=33"
"174","Registered Portfolio Managers","33","7","FINCOS TECHNOLOGY SOLUTIONS PRIVATE LIMITED","","INP000008668","office@fincossolutions.com","91111143708987","91111143708987","B- 504 Wing B Statesman House, 148 Barakhamba Road Connaught Place, NEW DELHI, NATIONAL CAPITAL TERRITORY OF DELHI, 110001","Kamlesh Patial","B- 504 Wing B Statesman House, 148 Barakhamba Road Connaught Place, NEW DELHI, NATIONAL CAPITAL TERRITORY OF DELHI, 110001","","","","info@fincossolutions.com, office@fincossolutions.com","","office@fincossolutions.com","91111143708987","Apr 05, 2024 - Perpetual","https://www.sebi.gov.in/sebiweb/other/OtherAction.do?doRecognisedFpi=yes&intmId=33"
"175","Registered Portfolio Managers","33","7","Findoc Investmart Private Limited","","INP000009056","pms@myfindoc.com","9101614155000","","1210 to 1213A, Exchange Plaza, Near Mercury Hotel , Opposite WTC Tower, GIFT City, GANDHINAGAR, GUJARAT, 382355","Mayur Jain","4th Floor, Kartar Bhawan, Near PAU Gate No.01, LUDHIANA, PUNJAB, 141001","","","","","","pms@myfindoc.com","9101614155000","Oct 11, 2024 - Perpetual","https://www.sebi.gov.in/sebiweb/other/OtherAction.do?doRecognisedFpi=yes&intmId=33"
"176","Registered Portfolio Managers","33","8","Finwizard Technology Private Limited","","INP000008950","krishna@fisdom.com","910229820178911","","IndiQube Sapphire,2nd Floor,No73,1,StMarks Road,Bangalore, BANGALORE, KARNATAKA, 560052","Krishna Jakkula","17th Floor VIOS Tower Off Eastern Express Highway, Near Anik Nagar Bus Depot Sewri Chembur Road, MUMBAI, MAHARASHTRA, 400037","","","","","","krishna@fisdom.com","910229820178911","Sep 09, 2024 - Perpetual","https://www.sebi.gov.in/sebiweb/other/OtherAction.do?doRecognisedFpi=yes&intmId=33"
"177","Registered Portfolio Managers","33","8","Fireside Investment Advisory LLP","","INP200007441","kanwal@firesideventures.com","910009886467535","910009886467535","1st Floor Miraya Rose, , Varthur Hobli., BANGALORE, KARNATAKA, 560066","Kanwaljit Singh","1st Floor Miraya Rose, , Varthur Hobli., BANGALORE, KARNATAKA, 560066","","","","","","kanwal@firesideventures.com","910009886467535","Jul 04, 2022 - Perpetual","https://www.sebi.gov.in/sebiweb/other/OtherAction.do?doRecognisedFpi=yes&intmId=33"
"178","Registered Portfolio Managers","33","8","Fireside Ventures Advisory LLP","","INP200007690","dipanjan@firesideventures.com","910009611944993","910009611944993","1st Floor Miraya Rose, Varthur Hobli, Bangalore, BANGALORE, KARNATAKA, 560066","Dipanjan Basu","1st Floor Miraya Rose, Varthur Hobli, Bangalore, BANGALORE, KARNATAKA, 560066","","","","","","dipanjan@firesideventures.com","910009611944993","Dec 13, 2022 - Perpetual","https://www.sebi.gov.in/sebiweb/other/OtherAction.do?doRecognisedFpi=yes&intmId=33"
"179","Registered Portfolio Managers","33","8","First Bridge Investment Managers Private Limited","","INP000008367","vishal.gupta@firstbridgefund.com","9102262390250","9102262390250","B 1107,11th Floor, C Wing, One BKC, Plot No.C 66, Bandra Kurla Complex, Bandra East, MUMBAI, MAHARASHTRA, 400051","Vishal Gupta","B 1107,11th Floor, C Wing, One BKC, Plot No.C 66, Bandra Kurla Complex, Bandra East, MUMBAI, MAHARASHTRA, 400051","","","","","","vishal.gupta@firstbridgefund.com","9102262390250","Nov 17, 2023 - Perpetual","https://www.sebi.gov.in/sebiweb/other/OtherAction.do?doRecognisedFpi=yes&intmId=33"
"180","Registered Portfolio Managers","33","8","First Global Finance Pvt Ltd","","INP000006697","compliance@firstglobal.in","91222261166525","","1st Floor, Ratnam Square, Plot No. 38 39, Sector 19A, Sector 19A, Vashi,, NAVI MUMBAI, MAHARASHTRA, 110001","Mahima Vyas","Ratnam Square, Plot No. 38 39, Sector 19A, Vashi, NAVI MUMBAI, MAHARASHTRA, 400703","","","","","","compliance@firstglobal.in","91222261166525","Apr 23, 2019 - Perpetual","https://www.sebi.gov.in/sebiweb/other/OtherAction.do?doRecognisedFpi=yes&intmId=33"
"181","Registered Portfolio Managers","33","8","FirstPort Growth Ventures LLP","","INP000009205","vinod@ipventures.in","9101244019088","","Unit 239, JMD Megapolis, Sector 48, Sohna Road, Gurugram, GURGAON, HARYANA, 122018","Jill Shah","Unit 239, JMD Megapolis, Sector 48, Sohna Road, Gurugram, GURGAON, HARYANA, 122018","","","","","","vinod@ipventures.in","9101244019088","Jan 17, 2025 - Perpetual","https://www.sebi.gov.in/sebiweb/other/OtherAction.do?doRecognisedFpi=yes&intmId=33"
"182","Registered Portfolio Managers","33","8","FirstPort Ventures LLP","","INP000008491","compliance@firstport.vc","9100000000000","","239, 2nd Floor, Tower A, JMD Megapolis, Sector 48 Sohna Road, GURGAON, HARYANA, 122018","Srishty Chaudhary","239, 2nd Floor, Tower A, JMD Megapolis, Sector 48 Sohna Road, GURGAON, HARYANA, 122018","","","","","","compliance@firstport.vc","9100000000000","Dec 18, 2023 - Perpetual","https://www.sebi.gov.in/sebiweb/other/OtherAction.do?doRecognisedFpi=yes&intmId=33"
"183","Registered Portfolio Managers","33","8","FISCALEYE PRIVATE LIMITED","","INP000009278","info@fiscaleye.in","0918042084615","","No. 32, 33, BBMP Khatha, Savion BEML 3rd Stage, , Rajarajeshwarinagar, Bangalore South,, BANGALORE, KARNATAKA, 560098","Dileep Nanjudaiah","No. 32, 33, BBMP Khatha, Savion BEML 3rd Stage, , Rajarajeshwarinagar, Bangalore South, BANGALORE, KARNATAKA, 560098","","","","","","info@fiscaleye.in","0918042084615","Feb 28, 2025 - Perpetual","https://www.sebi.gov.in/sebiweb/other/OtherAction.do?doRecognisedFpi=yes&intmId=33"
"184","Registered Portfolio Managers","33","8","FIVE RIVERS PORTFOLIO MANAGERS PRIVATE LIMITED","","INP000004474","anitachopra14@gmail.com","9109819284603","9109819284603","1001, Floor 10, Electra, , Planet Godrej,30, Kk Marg,, MUMBAI, MAHARASHTRA, 400011","Anita Chopra","BCCI, 4th Floor, The Ruby, Senapati Bapat Marg, Dadar East, MUMBAI, MAHARASHTRA, 400028","","","","","","anitachopra14@gmail.com","9109819284603","Jun 28, 2016 - Perpetual","https://www.sebi.gov.in/sebiweb/other/OtherAction.do?doRecognisedFpi=yes&intmId=33"
"185","Registered Portfolio Managers","33","8","Fort Capital Investment Advisory Private Limited","","INP000006031","compliance@fortcapital.in","9102269973600","9102269973600","304, 3rd Floor, Hubtown Solaris,, N. S. Phadke Marg, Near Flyover Bridge, Andheri East,, MUMBAI, MAHARASHTRA, 400069","NIDHI KAJI","304, 3rd Floor, Hubtown Solaris, N. S. Phadke Marg, Near Flyover Bridge, Andheri East, MUMBAI, MAHARASHTRA, 400069","","","","","","compliance@fortcapital.in","9102269973600","Jun 13, 2018 - Perpetual","https://www.sebi.gov.in/sebiweb/other/OtherAction.do?doRecognisedFpi=yes&intmId=33"
"186","Registered Portfolio Managers","33","8","FORTUNA ASSET MANAGERS LLP","","INP000008093","info@fortunaadvisors.in","91009958620315","","COWRKS, GROUND FLOOR AND FIRST FLOOR, WORLDMARK 1,, ASSET AREA 11, AEROCITY, HOSPITALITY DISTRICT, INDIRA GANDHI INTERNATIONAL AIRPORT, NH-8,, NEW DELHI, NATIONAL CAPITAL TERRITORY OF DELHI, 110037","Suraj Malik","GF and FF, Asset Area 11, CoWrks, Worldmark 1, Aerocity, New Delhi, NEW DELHI, NATIONAL CAPITAL TERRITORY OF DELHI, 110037","","","","","","info@fortunaadvisors.in","91009958620315","May 12, 2023 - Perpetual","https://www.sebi.gov.in/sebiweb/other/OtherAction.do?doRecognisedFpi=yes&intmId=33"
"187","Registered Portfolio Managers","33","8","Fortune Wealth Management Company India Private Limited","","INP000008622","rathnamala.v@fortunewmc.com","9104224334343","9104224334343","1056, AVINASHI ROAD, COIMBATORE, TAMIL NADU, 641018","RATHNAMALA V","1056, AVINASHI ROAD, COIMBATORE, TAMIL NADU, 641018","","","","fortunewmc.com/","","rathnamala.v@fortunewmc.com","9104224334343","Mar 12, 2024 - Perpetual","https://www.sebi.gov.in/sebiweb/other/OtherAction.do?doRecognisedFpi=yes&intmId=33"
"188","Registered Portfolio Managers","33","8","FOUR DIMENSIONS ADVISORS PRIVATE LIMITED","","INP000008084","hiral@gcvl.in","9102240198600","9102240198600","209-210 Arcadia Building, 2nd Floor, N.C.P.A Marg, 195, Nariman Point, Mumbai, MUMBAI, MAHARASHTRA, 400021","Hiral Prajapati","","","","","","","hiral@gcvl.in","9102240198600","May 10, 2023 - Perpetual","https://www.sebi.gov.in/sebiweb/other/OtherAction.do?doRecognisedFpi=yes&intmId=33"
"189","Registered Portfolio Managers","33","8","Fractal Capital Investments LLP","","INP000007146","miten@fractalcapital.in","9102262640870","","C-402 Lokhandwala Residency, Off Dr E Moses Road, Manjrekar Marg, Worli, MUMBAI, MAHARASHTRA, 400018","MEET DAND","AWFIS, 10th Floor A-Wing, Parinee Crescenzo, G Block, BKC, Bandra East, MUMBAI, MAHARASHTRA, 400051","","","","fractalcapital.in","","miten@fractalcapital.in","9102262640870","Jan 12, 2021 - Perpetual","https://www.sebi.gov.in/sebiweb/other/OtherAction.do?doRecognisedFpi=yes&intmId=33"
"190","Registered Portfolio Managers","33","8","FRANKLIN TEMPLETON ASSET MANAGEMENT (INDIA) PRIVATE LIMITED","","INP000000464","","67519100","67519100","Level 4, Wockhardt Towers,, Bandra Kurla Complex, Bandra (East), MUMBAI, MAHARASHTRA, 400051","SHILPA SHETTY","Level 4, Wockhardt Towers, Bandra Kurla Complex, Bandra (East), MUMBAI, MAHARASHTRA, 400051","","","","franklintempletonindia.com","","","67519100","Nov 16, 2015 - Perpetual","https://www.sebi.gov.in/sebiweb/other/OtherAction.do?doRecognisedFpi=yes&intmId=33"
"191","Registered Portfolio Managers","33","8","Fundamentum Investment Advisors LLP","","INP000008172","sanjay@fundamentum.co.in","9101244615307","9101244615307","10th Floor, Vatika Towers Tower B, Sector 54 Gurugram, GURGAON, HARYANA, 122002","Sanjay Chaturvedi","10th Floor, Vatika Towers Tower B, Sector 54 Gurugram, GURGAON, HARYANA, 122002","","","","fundamentum.co.in/investor_grievance.html","","sanjay@fundamentum.co.in","9101244615307","Jun 28, 2023 - Perpetual","https://www.sebi.gov.in/sebiweb/other/OtherAction.do?doRecognisedFpi=yes&intmId=33"
"192","Registered Portfolio Managers","33","8","FYERS ASSET MANAGEMENT PRIVATE LIMITED","","INP000008659","compliance-pms@fyers.in","0000008867215635","0000008867215635","901-902 Brigade Magnum, Flr9 Wing A, SYNO104&106/8, Kodigehalli, Bangalore North,, BANGALORE, KARNATAKA, 560092","Vikram Kumar","901-902 Brigade Magnum, Flr9 Wing A, SYNO104&106/8, Kodigehalli, Bangalore North, BANGALORE, KARNATAKA, 560092","","","","","","compliance-pms@fyers.in","0000008867215635","Mar 27, 2024 - Perpetual","https://www.sebi.gov.in/sebiweb/other/OtherAction.do?doRecognisedFpi=yes&intmId=33"
"193","Registered Portfolio Managers","33","8","Gaja Alternative Asset Management Limited","","INP000008154","abhinav.jain@gajacapital.com","9102224212280","","G-133, Sarita Vihar, New Delhi, DELHI, NATIONAL CAPITAL TERRITORY OF DELHI, 110044","Imran Jafar","1402, Tower 2B, One World Centre, MUMBAI, MAHARASHTRA, 400013","","","","","","abhinav.jain@gajacapital.com","9102224212280","Jun 09, 2023 - Perpetual","https://www.sebi.gov.in/sebiweb/other/OtherAction.do?doRecognisedFpi=yes&intmId=33"
"194","Registered Portfolio Managers","33","8","GAUVIK WEALTH MANAGEMENT LLP","","INP000009931","veerupakshimallesham12@gmail.com","0910409949218475","0910409949218475","Plot No 5 and 6 Kharkhana, Surya nagar Secunderabad, HYDERABAD, TELANGANA, 500002","V MALLESHAM","Plot No 5 and 6 Kharkhana, Surya nagar Secunderabad, HYDERABAD, TELANGANA, 500002","","","","https://www.gauvikwealth.com","","veerupakshimallesham12@gmail.com","0910409949218475","Apr 09, 2026 - Perpetual","https://www.sebi.gov.in/sebiweb/other/OtherAction.do?doRecognisedFpi=yes&intmId=33"
"195","Registered Portfolio Managers","33","8","Gems Imperial Portfolio Advisory LLP","","INP000009287","nirmal@gemsimperial.com","910207841988849","","5th Floor Office no.8, City Vista Wing B, Fountain Road, Kharadi, PUNE, MAHARASHTRA, 411014","Vishakha Sureka","Office no 620 Nyati Enthral, S.No.12, Opp Reliance Mart Kharadi, PUNE, MAHARASHTRA, 411014","","","","","","nirmal@gemsimperial.com","910207841988849","Mar 03, 2025 - Perpetual","https://www.sebi.gov.in/sebiweb/other/OtherAction.do?doRecognisedFpi=yes&intmId=33"
"196","Registered Portfolio Managers","33","8","GEOJIT FINANCIAL SERVICES LIMITED","","INP000003203","sheljopm@geojit.com","9104842901836","9104842901836","Geojit Financial Services Ltd, 34 659 P, Civil Line Road,Padivattom, KERALA, 682024","SHELJO P M","Geojit Financial Services Ltd, 34 659 P, Civil Line Road, Padivattom, KOCHI, KERALA, 682024","","","","https://www.geojit.com/gfsl","","sheljopm@geojit.com","9104842901836","Feb 16, 2015 - Perpetual","https://www.sebi.gov.in/sebiweb/other/OtherAction.do?doRecognisedFpi=yes&intmId=33"
"197","Registered Portfolio Managers","33","8","GHALLA BHANSALI STOCK BROKERS PRIVATE LIMITED","","INP000004334","","40497000","40497000","DEVANSH, 133, D.S.P. ROAD, NEAR RANJIT STUDIOS, DADAR (E), MUMBAI, MAHARASHTRA, 400014","SWATI RAJAPKAR","DEVANSH, 133, D.S.P. ROAD, , NEAR RANJIT STUDIOS, DADAR (E), MUMBAI, MAHARASHTRA, 400014","","","","ghallabhansali.com/","","","40497000","Jul 04, 2015 - Perpetual","https://www.sebi.gov.in/sebiweb/other/OtherAction.do?doRecognisedFpi=yes&intmId=33"
"198","Registered Portfolio Managers","33","8","GIRIK WEALTH ADVISORS PRIVATE LIMITED","","INP000003369","","","","609 Maker Chambers 5, Nariman Point, MUMBAI, MAHARASHTRA, 400021","","609 Maker Chambers 5, Nariman Point, MUMBAI, MAHARASHTRA, 400076","","","","girikcap.com/","","","","Aug 26, 2015 - Perpetual","https://www.sebi.gov.in/sebiweb/other/OtherAction.do?doRecognisedFpi=yes&intmId=33"
"199","Registered Portfolio Managers","33","8","GLOBE CAPITAL MARKET LTD.","","INP000002361","gautamgupta@globecapital.com","913041230412345","913041230412345","609, Ansal Bhawan, 16 K.G. Marg, Connaught Place, NEW DELHI, NATIONAL CAPITAL TERRITORY OF DELHI, 110001","Gautam Gupta","609, Ansal Bhawan, 16 K.G. Marg, Connaught Place, NEW DELHI, NATIONAL CAPITAL TERRITORY OF DELHI, 110001","","","","globecapital.com","","gautamgupta@globecapital.com","913041230412345","Oct 21, 2016 - Perpetual","https://www.sebi.gov.in/sebiweb/other/OtherAction.do?doRecognisedFpi=yes&intmId=33"
"200","Registered Portfolio Managers","33","8","GoldStandard Wealth Private Limited","","INP000009171","jasvinder@thegoldstandard.in","9102243367000","9102243367000","B-508, Naman Midtown, Off Senapati Bapat Marg, Delisle Road, MUMBAI, MAHARASHTRA, 400013","Jasvinder Arora","B Wing 508, Naman Midtown, Senapati Bapat Marg, Prabhadevi, MUMBAI, MAHARASHTRA, 400013","","","","","","jasvinder@thegoldstandard.in","9102243367000","Jan 06, 2025 - Perpetual","https://www.sebi.gov.in/sebiweb/other/OtherAction.do?doRecognisedFpi=yes&intmId=33"
"201","Registered Portfolio Managers","33","9","GOSTOCK INVESTMENT MANAGERS PRIVATE LIMITED","","INP000010016","","","","No 29 by 12, Flat 8D, 8th Floor, Riaz Garden, Kodambakkam High Road, Numbambakkam, CHENNAI, TAMIL NADU, 600034","Aadhityan R","","","","","","","","","May 08, 2026 - Perpetual","https://www.sebi.gov.in/sebiweb/other/OtherAction.do?doRecognisedFpi=yes&intmId=33"
"202","Registered Portfolio Managers","33","9","Green Lantern Capital LLP","","INP000005829","pooja@glcapital.in","9102240967201","9102240967201","801, Park Residence, Upper Govind Nagar, Malad East, MUMBAI, MAHARASHTRA, 400063","Pooja Doshi","201, Udyog Bhavan, Sonawala Marg, Goregaon East, Mumbai, MUMBAI, MAHARASHTRA, 400063","","","","","","pooja@glcapital.in","9102240967201","Sep 07, 2017 - Perpetual","https://www.sebi.gov.in/sebiweb/other/OtherAction.do?doRecognisedFpi=yes&intmId=33"
"203","Registered Portfolio Managers","33","9","GREEN PORTFOLIO PRIVATE LIMITED","","INP000006022","cs@greenportfolio.co","0919782027569","0919782027569","Unit No. 207, 2nd Floor, JMD Empire Square, Mehrauli Gurgaon Road, A Block, DLF Phase - I, Sector 28, Sikanderpur Ghosi, GURUGRAM, HARYANA, 122002","Tamana Mahnot","Farm No. 5, 1645, Kanawani Village, Indirapuram, Ghaziabad, GHAZIABAD, UTTAR PRADESH, 201014","","","","","","cs@greenportfolio.co","0919782027569","Jun 11, 2018 - Perpetual","https://www.sebi.gov.in/sebiweb/other/OtherAction.do?doRecognisedFpi=yes&intmId=33"
"204","Registered Portfolio Managers","33","9","Greenedge Wealth Services LLP","","INP000010043","jindal@greenedgewealth.com","0919619526353","0919619526353","Office No. 1123, 11th Floor, Omkar The Summit Business Bay, Off Western Express Highway, Gundavali, , Opp. Movie Max Cinemas, Near, Chakala Midc, Mumbai, Mumbai, Maharashtra, India, 400093, MUMBAI, MAHARASHTRA, 400093","Jindal Haria","","","","","https://greenedgewealth.com/","","jindal@greenedgewealth.com","0919619526353","May 12, 2026 - Perpetual","https://www.sebi.gov.in/sebiweb/other/OtherAction.do?doRecognisedFpi=yes&intmId=33"
"205","Registered Portfolio Managers","33","9","Grey Sky Capital Private Limited","","INP000009694","apurv@greysky.capital","910809900212081","910809900212081","L 1402 MANTRI ESPANA, OUTER RING ROAD, BELLANDUR, BANGALORE, KARNATAKA, 560103","Apurv Anand","L 1402 MANTRI ESPANA, OUTER RING ROAD, BELLANDUR, BANGALORE, KARNATAKA, 560103","","","","https://www.greyskycapital.com","","apurv@greysky.capital","910809900212081","Nov 24, 2025 - Perpetual","https://www.sebi.gov.in/sebiweb/other/OtherAction.do?doRecognisedFpi=yes&intmId=33"
"206","Registered Portfolio Managers","33","9","GROWTHFINITI WEALTH PRIVATE LIMITED","","INP000009418","grishma@growthfiniti.com","91229819788052","91229819788052","Unit No 4, Ground Floor, Senior Estate,, 7C Parsi Panchayat Road, Andheri East, MUMBAI, MAHARASHTRA, 400069","Grishma Shah","Unit No 4, Ground Floor, Senior Estate, 7C Parsi Panchayat Road, Andheri East, MUMBAI, MAHARASHTRA, 400069","","","","","","grishma@growthfiniti.com","91229819788052","Apr 28, 2025 - Perpetual","https://www.sebi.gov.in/sebiweb/other/OtherAction.do?doRecognisedFpi=yes&intmId=33"
"207","Registered Portfolio Managers","33","9","Groww Wealth Tech Private Limited","","INP000009065","rriju.l@groww.in","9108069601300","9108069601300","4th Floor, Smartworks, Vaishnavi Tech Park, South Tower, Sarjapur Main Road, BANGALORE, KARNATAKA, 560103","Rrijuwarsh L","4th Floor, Smartworks, Vaishnavi Tech Park, South Tower, Sarjapur Main Road, BANGALORE, KARNATAKA, 560103","","","","","","rriju.l@groww.in","9108069601300","Oct 11, 2024 - Perpetual","https://www.sebi.gov.in/sebiweb/other/OtherAction.do?doRecognisedFpi=yes&intmId=33"
"208","Registered Portfolio Managers","33","9","GUARDIAN ADVISORS PVT LTD","","INP000001819","","","","","","","","","","guardianadvisors.in","","","","Aug 16, 2015 - Perpetual","https://www.sebi.gov.in/sebiweb/other/OtherAction.do?doRecognisedFpi=yes&intmId=33"
"209","Registered Portfolio Managers","33","9","Guardian Asset Management Private Limited","","INP000006563","info@gampms.in","9104000000000","","8th Floor, Phoenix Lithop Building, Plot No 573 D3 E3 and F3 Road Number 1 Jubilee Hills, HYDERABAD, TELANGANA, 500033","Prayaga Sitaram","8th Floor, Phoenix Lithop Building, Plot No 573 D3 E3 and F3 Road Number 1 Jubilee Hills, HYDERABAD, TELANGANA, 500033","","","","","","info@gampms.in","9104000000000","Apr 04, 2019 - Perpetual","https://www.sebi.gov.in/sebiweb/other/OtherAction.do?doRecognisedFpi=yes&intmId=33"
"210","Registered Portfolio Managers","33","9","Hanut Alternate Investments LLP","","INP000006439","compliance@hanutcapital.com","0919903822429","0919903822429","B 21 Grand Paradi August Kranti Marg, Kemps s Corner, MUMBAI, MAHARASHTRA, 400036","Varun Sahay","Grosvenor House, 21 Camac Street, KOLKATA, WEST BENGAL, 700016","","","","","","compliance@hanutcapital.com","0919903822429","Mar 12, 2019 - Perpetual","https://www.sebi.gov.in/sebiweb/other/OtherAction.do?doRecognisedFpi=yes&intmId=33"
"211","Registered Portfolio Managers","33","9","HARMONEY FINSERV INDIA PRIVATE LIMITED","","INP000003898","","08025725820","08025725820","78 2ND FLOOR RIGHT WING 11TH MAIN 14TH CROSS, 6TH SECTOR HSR LAYOUT, BANGALORE, KARNATAKA, 560102","Kannan Ramadass","R/A, 180, UNIT II, GROUND FLOOR, 8TH MAIN, 14TH B CROSS, 6TH SECTOR HSR LAYOUT, BANGALORE, KARNATAKA, 560102","","","","","","","08025725820","Oct 20, 2016 - Perpetual","https://www.sebi.gov.in/sebiweb/other/OtherAction.do?doRecognisedFpi=yes&intmId=33"
"212","Registered Portfolio Managers","33","9","HDFC ASSET MANAGEMENT COMPANY LIMITED","","INP000000506","supriyas@hdfcfund.com","9102266580185","9102266580185","HDFC HOUSE, 2ND FLOOR, H T PAREKH MARG, 165 166 BACKBAY RECLAMATION, CHURCHGATE, MUMBAI, MAHARASHTRA, 400020","Supriya Sapre","HDFC HOUSE, 2ND FLOOR, H T PAREKH MARG, 165 166 BACKBAY RECLAMATION, CHURCHGATE, MUMBAI, MAHARASHTRA, 400020","","","","","","supriyas@hdfcfund.com","9102266580185","Feb 29, 2024 - Perpetual","https://www.sebi.gov.in/sebiweb/other/OtherAction.do?doRecognisedFpi=yes&intmId=33"
"213","Registered Portfolio Managers","33","9","HEDGE EQUITIES LTD","","INP000003476","","04843040400","04843040400","1205, Dalamal Tower, NARIMAN POINT, MUMBAI, MAHARASHTRA, 400021","SINI RALPH","Hedge House, Mamangalam, KERALA, 682025","","","","hedgeequities.com/","","","04843040400","Nov 26, 2015 - Perpetual","https://www.sebi.gov.in/sebiweb/other/OtherAction.do?doRecognisedFpi=yes&intmId=33"
"214","Registered Portfolio Managers","33","9","Helios Capital Asset Management (India) Private Limited","","INP000006916","abhinav_khemani@helioscapital.in","9102267319619","9102267319619","The Capital, 515A, 5th Floor, Plot C70, Bandra Kurla Complex, Bandra East, MUMBAI, MAHARASHTRA, 400051","Abhinav Khemani","The Capital, 515A, 5th Floor, Plot C70, Bandra Kurla Complex, Bandra East, MUMBAI, MAHARASHTRA, 400051","","","","","","abhinav_khemani@helioscapital.in","9102267319619","Oct 30, 2019 - Perpetual","https://www.sebi.gov.in/sebiweb/other/OtherAction.do?doRecognisedFpi=yes&intmId=33"
"215","Registered Portfolio Managers","33","9","Hem Securities Limited","","INP000006794","hem@hemsecurities.com","9101414051000","","203, Jaipur Tower,, M.I. Road, Jaipur, JAIPUR, RAJASTHAN, 302001","Rohit Sharma","203, Jaipur Tower, M.I. Road, Jaipur, JAIPUR, RAJASTHAN, 302001","","","","","","hem@hemsecurities.com","9101414051000","Jun 27, 2019 - Perpetual","https://www.sebi.gov.in/sebiweb/other/OtherAction.do?doRecognisedFpi=yes&intmId=33"
"216","Registered Portfolio Managers","33","9","Himalaya Investment Advisors LLP","","INP200007672","compliance@everflowpartners.com","009972063070","009972063070","R 1102, Tower 7, Adarsh Palm Retreat, Ballandur, Near Ecoworld, Devrabisnahalli, BANGALORE, KARNATAKA, 560103","Aditya Agarwal","R 1102, Tower 7, Adarsh Palm Retreat, Ballandur, Near Ecoworld, Devrabisnahalli, BANGALORE, KARNATAKA, 560103","","","","everflowpartners.com","","compliance@everflowpartners.com","009972063070","Dec 02, 2022 - Perpetual","https://www.sebi.gov.in/sebiweb/other/OtherAction.do?doRecognisedFpi=yes&intmId=33"
"217","Registered Portfolio Managers","33","9","HPMG Shares and Securities Private Limited","","INP000007517","ABHIJIT@HPMGSHARES.COM","002262317670","002262317670","B 201 202 Rajkamal SV Road, Kandivali West, MUMBAI, MAHARASHTRA, 400067","Abhijeet Hegishte","B 201 202 Rajkamal SV Road, Kandivali West, MUMBAI, MAHARASHTRA, 400067","","","","","","ABHIJIT@HPMGSHARES.COM","002262317670","Aug 10, 2022 - Perpetual","https://www.sebi.gov.in/sebiweb/other/OtherAction.do?doRecognisedFpi=yes&intmId=33"
"218","Registered Portfolio Managers","33","9","HSBC ASSET MANAGEMENT (INDIA) PVT. LTD.","","INP000001322","","66145111","66145111","9-11 Floors, NESCO IT Park, Building no. 3, , Western Express Highway, Goregaon (East), Mumbai - 400063, MUMBAI, MAHARASHTRA, 400063","Denny Thomas","314, DN Road, Fort, MUMBAI, MAHARASHTRA, 400001","","","","asset management.hsbc.co.in","","","66145111","Sep 16, 2014 - Perpetual","https://www.sebi.gov.in/sebiweb/other/OtherAction.do?doRecognisedFpi=yes&intmId=33"
"219","Registered Portfolio Managers","33","9","ICICI PRUDENTIAL ASSET MANAGEMENT COMPANY LTD.","","INP000000373","rakesh_shetty@icicipruamc.com","00002242090579","00002242090579","12TH FLOOR, NARAIN MANZIL, 23, BARAKHAMBA ROAD,, NEW DELHI, NATIONAL CAPITAL TERRITORY OF DELHI, 110001","Rakesh Shetty","2nd Floor, Block B 2, Nirlon Knowledge Park, Off Western Express Highway, Goregaon East, MUMBAI, MAHARASHTRA, 400063","","","","","","rakesh_shetty@icicipruamc.com","00002242090579","Feb 15, 2015 - Perpetual","https://www.sebi.gov.in/sebiweb/other/OtherAction.do?doRecognisedFpi=yes&intmId=33"
"220","Registered Portfolio Managers","33","9","ICICI SECURITIES LIMITED","","INP000004060","","","","","","","","","","secure.icicidirect.com/customer/login","","","","Apr 25, 2017 - Perpetual","https://www.sebi.gov.in/sebiweb/other/OtherAction.do?doRecognisedFpi=yes&intmId=33"
"221","Registered Portfolio Managers","33","9","ICICI Venture Funds Management Company Limited","","INP000008604","deepti.paliwal@iciciventure.com","910222233667777","910222233667777","ICICI Venture House, Ground floor, , Appasaheb Marathe Marg, Prabhadevi,, MUMBAI, MAHARASHTRA, 400025","Deepti Paliwal","Co. Legal and Compliance Department, ICICI Venture House, , Ground floor, Appasaheb Marathe Marg, Prabhadevi, MUMBAI, MAHARASHTRA, 400025","","","","","","deepti.paliwal@iciciventure.com","910222233667777","Feb 12, 2024 - Perpetual","https://www.sebi.gov.in/sebiweb/other/OtherAction.do?doRecognisedFpi=yes&intmId=33"
"222","Registered Portfolio Managers","33","9","IDBI CAPITAL MARKET SERVICES LTD","","INP000000209","","43221212","43221212","3rd Floor, Mafatlal Centre, , NARIMAN POINT,, MUMBAI, MAHARASHTRA, 400021","Christina Fernandes","5th Floor, Mafatlal centre, MUMBAI, MAHARASHTRA, 400021","","","","","","","43221212","Apr 01, 2016 - Perpetual","https://www.sebi.gov.in/sebiweb/other/OtherAction.do?doRecognisedFpi=yes&intmId=33"
"223","Registered Portfolio Managers","33","9","IFM INVESTMENT ADVISORS PRIVATE LIMITED","","INP000009436","AMANJOT@IFMGLOBAL.IN","9101724243301","9101724243301","77 3B1, MOHALI, PUNJAB, 160059","Amanjot Kaur","B98, PHASE 8 INDUSTRIAL AREA SECTOR 73, MOHALI, PUNJAB, 160062","","","","","","AMANJOT@IFMGLOBAL.IN","9101724243301","May 05, 2025 - Perpetual","https://www.sebi.gov.in/sebiweb/other/OtherAction.do?doRecognisedFpi=yes&intmId=33"
"224","Registered Portfolio Managers","33","9","IIFL Capital Asset Management Limited","","INP000009445","prashant.parmar@iiflcapital.com","91002261086300","","Gr flr 01 Hubtown Solaries Saiwadi N S Phadke Road, Andheri East Mumbai, MUMBAI, MAHARASHTRA, 400069","Prashant Parmar","Gr flr 01 Hubtown Solaries Saiwadi N S Phadke Road, Andheri East Mumbai, MUMBAI, MAHARASHTRA, 400069","","","","","","prashant.parmar@iiflcapital.com","91002261086300","May 08, 2025 - Perpetual","https://www.sebi.gov.in/sebiweb/other/OtherAction.do?doRecognisedFpi=yes&intmId=33"
"225","Registered Portfolio Managers","33","9","IIFL Capital Services Limited","","INP000002213","","02242499000","02242499000","IIFL House, Sun Infotech Park, Road No. 16V, Plot No. B-23, MIDC, Thane Industrial Area, Wagle Estate, Thane, THANE, MAHARASHTRA, 400013","R. Mohan","IIFL Centre, Kamala City, Senapati Bapat Marg, Lower Parel, MUMBAI, MAHARASHTRA, 400013","","","","","","","02242499000","Apr 01, 2016 - Perpetual","https://www.sebi.gov.in/sebiweb/other/OtherAction.do?doRecognisedFpi=yes&intmId=33"
"226","Registered Portfolio Managers","33","10","IKIGAI Asset Manager Holdings Private Limited","","INP000009232","Mehul.shah@ikigaiasset.com","91229820233082","91229820233082","1008 A, Samrudhi Co op. Soc. Ltd, G Block, Formerly known as INS Tower, CTS. No.4207, Bandra Kurla Complex, Mumbai, MUMBAI, MAHARASHTRA, 400051","Mehul Shah","1008 A, Samrudhi Co op. Soc. Ltd, G Block, Formerly known as INS Tower, CTS. No.4207, Bandra Kurla Complex, Mumbai, MUMBAI, MAHARASHTRA, 400051","","","","www.ikigaiasset.com","","Mehul.shah@ikigaiasset.com","91229820233082","Feb 17, 2025 - Perpetual","https://www.sebi.gov.in/sebiweb/other/OtherAction.do?doRecognisedFpi=yes&intmId=33"
"227","Registered Portfolio Managers","33","10","IME PORTFOLIO MANAGERS LLP","","INP000009524","compliance@imecapital.in","91997017044263","91997017044263","D11, FootPrints, Good Earth Malhar, Kambipura, Kumbalagodu, BANGALORE, KARNATAKA, 560074","Hritwik Chaudhary","D11, FootPrints, Good Earth Malhar, Kambipura, Kumbalagodu, BANGALORE, KARNATAKA, 560074","","","","","","compliance@imecapital.in","91997017044263","Jul 01, 2025 - Perpetual","https://www.sebi.gov.in/sebiweb/other/OtherAction.do?doRecognisedFpi=yes&intmId=33"
"228","Registered Portfolio Managers","33","10","IMPETUS ARTHASUTRA PRIVATE LIMITED","","INP000002130","","02228491221","02228491221","Office No. 206, 2nd Floor, Atlanta Estate, Off. Goregoan-Mulund Link Road, GOREGOAN EAST, MUMBAI, MAHARASHTRA, 400063","Shubankar Das","5,YASHODHAM COMPLEX, FILMCITY ROAD, GOREGAON (E), MUMBAI, MUMBAI, MAHARASHTRA, 400063","","","","","","","02228491221","May 01, 2016 - Perpetual","https://www.sebi.gov.in/sebiweb/other/OtherAction.do?doRecognisedFpi=yes&intmId=33"
"229","Registered Portfolio Managers","33","10","INCRED ASSET MANAGEMENT PRIVATE LIMITED","","INP000007410","dhawal.mehta@incredamc.com","9102268446100","9102268446100","Unit no 1203, B Wing The Capital , Plot No C 70, G Block, BKC, Bandra East, MUMBAI, MAHARASHTRA, 400051","Dhawal Mehta","Unit no 1203, B Wing The Capital , Plot No C 70, G Block, BKC, Bandra East, MUMBAI, MAHARASHTRA, 400051","","","","","","dhawal.mehta@incredamc.com","9102268446100","May 02, 2022 - Perpetual","https://www.sebi.gov.in/sebiweb/other/OtherAction.do?doRecognisedFpi=yes&intmId=33"
"230","Registered Portfolio Managers","33","10","Incred Capital Wealth Portfolio Managers Private Limited","","INP000007128","incred.compliance@incred.com","912241611500","","Unit No. 1203, 12th Floor, B Wing, The Capital Building, C 70, G Block, Bandra Kurla Complex, Bandra East, MUMBAI, MAHARASHTRA, 400051","Preeti Lalwani","Unit No. 1203, 12th Floor, B Wing, The Capital Building, C 70, G Block, Bandra Kurla Complex, Bandra East, MUMBAI, MAHARASHTRA, 400051","","","","","","incred.compliance@incred.com","912241611500","Dec 31, 2020 - Perpetual","https://www.sebi.gov.in/sebiweb/other/OtherAction.do?doRecognisedFpi=yes&intmId=33"
"231","Registered Portfolio Managers","33","10","India Resurgence Asset Management Business Private Limited","","INP000009834","compliance.irf@indiarf.com","9197696279322","","3rd Floor Piramal Tower Peninsula Corporate Park, Ganpatrao Kadam Marg Lower Parel, MUMBAI, MAHARASHTRA, 400013","Umang Patel","3rd Floor Piramal Tower Peninsula Corporate Park, Ganpatrao Kadam Marg Lower Parel, MUMBAI, MAHARASHTRA, 400013","","","","","","compliance.irf@indiarf.com","9197696279322","Feb 13, 2026 - Perpetual","https://www.sebi.gov.in/sebiweb/other/OtherAction.do?doRecognisedFpi=yes&intmId=33"
"232","Registered Portfolio Managers","33","10","INDIAN ANGEL NETWORK SERVICES PRIVATE LIMITED","","INP000008385","s.sharma@iangroup.vc","0919810096410","0919810096410","E6, The Eden Park Hotel, Shaheed Jeet Singh Marg, NEW DELHI, NATIONAL CAPITAL TERRITORY OF DELHI, 110016","Saurabh Sharma","E6, The Eden Park Hotel, Shaheed Jeet Singh Marg, NEW DELHI, NATIONAL CAPITAL TERRITORY OF DELHI, 110016","","","","","","s.sharma@iangroup.vc","0919810096410","Dec 01, 2023 - Perpetual","https://www.sebi.gov.in/sebiweb/other/OtherAction.do?doRecognisedFpi=yes&intmId=33"
"233","Registered Portfolio Managers","33","10","INDNIVEZA DISTRIBUTORS PRIVATE LIMITED","","INP000009649","compliance@wn-pms.in","910229152322723","910229152322723","Kamla Colony, Shamli, Muzaffarnagar, MUZAFFARNAGAR, UTTAR PRADESH, 247776","Namrata Ratnani","1001 1002 Accord Classic, Sonawala Road Goregaon East, MUMBAI, MAHARASHTRA, 400063","","","","","","compliance@wn-pms.in","910229152322723","Sep 23, 2025 - Perpetual","https://www.sebi.gov.in/sebiweb/other/OtherAction.do?doRecognisedFpi=yes&intmId=33"
"234","Registered Portfolio Managers","33","10","INDSEC SECURITIES AND FINANCE LTD.","","INP000001892","","61146107","61146107","301/302, ""215 Atrium"", A Wing, Andheri Kurla Road, Chakala, Andheri (East), MUMBAI, MAHARASHTRA, 400093","Mr. DIAMOND DAND","31/302, 215 ATRIUM, A WING, ANDHERI KURLA ROAD, CHAKALA, ANDHERI - EAST, MUMBAI, MAHARASHTRA, 400053","","","","http://indsec.co.in","","","61146107","Dec 01, 2015 - Perpetual","https://www.sebi.gov.in/sebiweb/other/OtherAction.do?doRecognisedFpi=yes&intmId=33"
"235","Registered Portfolio Managers","33","10","INFINITY ALTERNATIVES INVESTMENT MANAGERS PRIVATE LIMITED","","INP000004813","","","","B 402, 4th Floor, Vivarea, M A Road, Jacob Circle,, MUMBAI, MAHARASHTRA, 400011","Manu Pande","402, 4th Floor, B Wing, Vivarea, M A Road, MUMBAI, MAHARASHTRA, 400011","","","","infinityalternatives.com","","","","Sep 18, 2015 - Perpetual","https://www.sebi.gov.in/sebiweb/other/OtherAction.do?doRecognisedFpi=yes&intmId=33"
"236","Registered Portfolio Managers","33","10","Inflexor Capital Advisors LLP","","INP000009375","murali@inflexor.vc","00919966446961","00919966446961","Wework India Cherry Hills, Embassy Golflinks Business Park Domlur, BANGALORE, KARNATAKA, 560071","Murali Gunturu","Inflexor Capital Advisors LLP, No 301 3rd Floor Embassy Chambers Vittal Mallya Road, BANGALORE, KARNATAKA, 560001","","","","","","murali@inflexor.vc","00919966446961","Mar 28, 2025 - Perpetual","https://www.sebi.gov.in/sebiweb/other/OtherAction.do?doRecognisedFpi=yes&intmId=33"
"237","Registered Portfolio Managers","33","10","Insightful Investment Manager LLP","","INP000008695","nilesh@insightfulinv.com","910226952 3006","910226952 3006","9th Floor, Flat No 902, Tower A, 25 South Yadav Patil Marg, Off Veer Savarkar Marg, Prabhadevi, MUMBAI, MAHARASHTRA, 400025","Nilesh Kagale","Unit No. B 808, 8th Floor, B Wing, Kohinoor Square, Final Plot No. 46 at the Junction of Lady Jamshetji Road and N.C.Kelkar Road, MUMBAI, MAHARASHTRA, 400028","","","","insightfulinvestments.in/","","nilesh@insightfulinv.com","910226952 3006","Apr 29, 2024 - Perpetual","https://www.sebi.gov.in/sebiweb/other/OtherAction.do?doRecognisedFpi=yes&intmId=33"
"238","Registered Portfolio Managers","33","10","Integrow Asset Management Private Limited","","INP000008039","kiranloke22@gmail.com","9102224108547","9102224108547","Unit No 102,1st Floor, First International Financial Centre, Plot Nos.C-54andC-55 G-Block,Bandra-Kurla Complex, Bandra East, MUMBAI, MAHARASHTRA, 400051","Kiran Loke","","","","","integrowamc.com","","kiranloke22@gmail.com","9102224108547","Apr 19, 2023 - Perpetual","https://www.sebi.gov.in/sebiweb/other/OtherAction.do?doRecognisedFpi=yes&intmId=33"
"239","Registered Portfolio Managers","33","10","INVASSET LLP","","INP000006907","Parveshkumar@invasset.com","919915613625","919915613625","Plot No 14 and 15, First Floor, South City, Canal Road, LUDHIANA, PUNJAB, 142027","PARVESH KUMAR","Plot No 14 and 15, First Floor, South City, Canal Road, LUDHIANA, PUNJAB, 142027","","","","https://invasset.com","","Parveshkumar@invasset.com","919915613625","Oct 25, 2019 - Perpetual","https://www.sebi.gov.in/sebiweb/other/OtherAction.do?doRecognisedFpi=yes&intmId=33"
"240","Registered Portfolio Managers","33","10","INVESCO ASSET MANAGEMENT (INDIA) PRIVATE LIMITED","","INP000005273","deenal.dhulia@invesco.com","9102267310155","9102267310155","2101 A, 21st Floor, A Wing, Marathon Futurex, N. M. Joshi Marg, Lower Parel, MUMBAI, MAHARASHTRA, 400013","Deenal Dhulia","2101 A, 21st Floor, A Wing, Marathon Futurex, N. M. Joshi Marg, Lower Parel, MUMBAI, MAHARASHTRA, 400013","","","","","","deenal.dhulia@invesco.com","9102267310155","Nov 02, 2016 - Perpetual","https://www.sebi.gov.in/sebiweb/other/OtherAction.do?doRecognisedFpi=yes&intmId=33"
"241","Registered Portfolio Managers","33","10","InvesQ Investment Managers LLP","","INP000008507","pmsadmin@invesq.in","910209881525064","","S N 135 1 Plot H 2 B 302, Swarnavilas Building Behind Ven Construction Office , Baner Pashan Link Road Pashan, PUNE, MAHARASHTRA, 411021","Rohitkumar Gajbhiye","101 Harmony Opp Mauli Petrol Pump, Baner Road Baner, PUNE, MAHARASHTRA, 411045","","","","","","pmsadmin@invesq.in","910209881525064","Jan 03, 2024 - Perpetual","https://www.sebi.gov.in/sebiweb/other/OtherAction.do?doRecognisedFpi=yes&intmId=33"
"242","Registered Portfolio Managers","33","10","Investcorp India Asset Managers Private Limited","","INP000007632","skannaidas@investcorp.com","9102250102046","9102250102046","Unit no. 02, 6th Floor, Jet Airways Godrej BKC, Plot C 68, G Block, Bandra Kurla Complex, Bandra East, MUMBAI, MAHARASHTRA, 400051","Sapna Kannaidas","Unit no. 02, 6th Floor, Jet Airways Godrej BKC, Plot C 68, G Block, Bandra Kurla Complex, Bandra East, MUMBAI, MAHARASHTRA, 400051","","","","investcorp.com/what-we-do/private-equity/private-india/","","skannaidas@investcorp.com","9102250102046","Nov 15, 2022 - Perpetual","https://www.sebi.gov.in/sebiweb/other/OtherAction.do?doRecognisedFpi=yes&intmId=33"
"243","Registered Portfolio Managers","33","10","InvestSavvy Portfolio Management LLP","","INP000007395","ashish.goel@invsetsavvy.in","0220919820261323","","B2204, Chaitanya Towers,, A.M. Marg, Near Saraswat Bank, MUMBAI, MAHARASHTRA, 400025","Anurag Goel","B2204, Chaitanya Towers, A.M. Marg, Near Saraswat Bank, MUMBAI, MAHARASHTRA, 400025","","","","investsavvy.in","","ashish.goel@invsetsavvy.in","0220919820261323","Mar 29, 2022 - Perpetual","https://www.sebi.gov.in/sebiweb/other/OtherAction.do?doRecognisedFpi=yes&intmId=33"
"244","Registered Portfolio Managers","33","10","INVESTVALUE CAPITAL PRIVATE LIMITED","","INP000009773","aditya@investvalue.ai","00919833575667","","303 Gokul Arcade Sahar Rd, A Wing, Vile Parle East, MUMBAI, MAHARASHTRA, 400057","Shubham Gagrani","303 Gokul Arcade Sahar Rd, A Wing, Vile Parle East, MUMBAI, MAHARASHTRA, 400057","","","","NA","","aditya@investvalue.ai","00919833575667","Jan 12, 2026 - Perpetual","https://www.sebi.gov.in/sebiweb/other/OtherAction.do?doRecognisedFpi=yes&intmId=33"
"245","Registered Portfolio Managers","33","10","Invicta Capserv Private Limited","","INP000009339","admin@invictacap.in","910229632018002","910229632018002","1503 Wing C Oberoi Splendor Fantacy Land J V Link Road, CTS no. 1 Opp. Majas Depot Jogeshwari East Mumbai, MUMBAI, MAHARASHTRA, 400060","Daksh Punamiya","1503 Wing C Oberoi Splendor Fantacy Land J V Link Road, CTS no. 1 Opp. Majas Depot Jogeshwari East Mumbai, MUMBAI, MAHARASHTRA, 400060","","","","","","admin@invictacap.in","910229632018002","Mar 19, 2025 - Perpetual","https://www.sebi.gov.in/sebiweb/other/OtherAction.do?doRecognisedFpi=yes&intmId=33"
"246","Registered Portfolio Managers","33","10","Ironclad Asset Management LLP","","INP000009074","info@ironcladasset.com","00918447084868","00918447084868","C175, Sector 100 G B Nagar, NOIDA, UTTAR PRADESH, 201301","Mohit Kumar","3rd Floor C 175, Sector 100 G B Nagar, NOIDA, UTTAR PRADESH, 201301","","","","","","info@ironcladasset.com","00918447084868","Oct 28, 2024 - Perpetual","https://www.sebi.gov.in/sebiweb/other/OtherAction.do?doRecognisedFpi=yes&intmId=33"
"247","Registered Portfolio Managers","33","10","Irris Whiteboard Private Limited","","INP000009667","anchit.lakhotiya@wbfam.com","910229819782226","910229819782226","5th Floor NPL Devi New No 111 L B Road, Thiruvanmiyur Kanchipuram Chennai City Corporation, CHENNAI, TAMIL NADU, 600041","Anchit Lakhotiya","B Wing 706A Kanakia Wall Street Andheri Kurla Road, Andheri East Mumbai, MUMBAI, MAHARASHTRA, 400093","","","","NA","","anchit.lakhotiya@wbfam.com","910229819782226","Oct 16, 2025 - Perpetual","https://www.sebi.gov.in/sebiweb/other/OtherAction.do?doRecognisedFpi=yes&intmId=33"
"248","Registered Portfolio Managers","33","10","ithought Financial consulting LLP","","INP000006448","saravanan@ithought.co.in","9104443308171","9104443308171","LEVEL 5, CAPITALE TOWERS, , 555,ANNASALAI, TEYNAMPET, CHENNAI, CHENNAI, TAMIL NADU, 600018","SARAVANAKUMAR VELUCHAMY","LEVEL 5, CAPITALE TOWERS, , 555,ANNASALAI, TEYNAMPET, CHENNAI, CHENNAI, TAMIL NADU, 600018","","","","ithought.co.in/services/portfolio-management-services/","","saravanan@ithought.co.in","9104443308171","Mar 13, 2019 - Perpetual","https://www.sebi.gov.in/sebiweb/other/OtherAction.do?doRecognisedFpi=yes&intmId=33"
"249","Registered Portfolio Managers","33","10","ITI Alternate Funds Management Limited","","INP000006402","pmscompliance@itiorg.com","9102266214749","9102266214749","ITI House, 36, Dr. R. K. Shirodkar Road, Parel, MUMBAI, MAHARASHTRA, 400012","Komal Rathod","ITI House, 36, Dr. R. K. Shirodkar Road, Parel, MUMBAI, MAHARASHTRA, 400012","","","","","","pmscompliance@itiorg.com","9102266214749","Feb 27, 2019 - Perpetual","https://www.sebi.gov.in/sebiweb/other/OtherAction.do?doRecognisedFpi=yes&intmId=33"
"250","Registered Portfolio Managers","33","10","Itus Capital Advisors Pvt Ltd","","INP000006341","naveenc@ituscapital.com","9104448629561","","II Floor,Old No. 50, New No. 40, 2nd Main Road, RA Puram, CHENNAI, TAMIL NADU, 600028","Nandakumar B","II Floor,Old No. 50, New No. 40, 2nd Main Road, RA Puram, CHENNAI, TAMIL NADU, 600028","","","","ituscapital.com/","","naveenc@ituscapital.com","9104448629561","Dec 21, 2018 - Perpetual","https://www.sebi.gov.in/sebiweb/other/OtherAction.do?doRecognisedFpi=yes&intmId=33"
"251","Registered Portfolio Managers","33","11","IVYCAP VENTURES ADVISORS PRIVATE LIMITED","","INP000008826","madhuri@ivycapventures.com","91007020902791","91007020902791","601, A Wing Delphi, Orchard Avenue, Hiranandani Gardens, , Powai, MUMBAI, MAHARASHTRA, 400076","Madhuri Sawant","601, A Wing Delphi, Orchard Avenue, Hiranandani Gardens, , Powai, MUMBAI, MAHARASHTRA, 400076","","","","","","madhuri@ivycapventures.com","91007020902791","Jul 22, 2024 - Perpetual","https://www.sebi.gov.in/sebiweb/other/OtherAction.do?doRecognisedFpi=yes&intmId=33"
"252","Registered Portfolio Managers","33","11","JADE WEALTH MANAGEMENT LLP","","INP000009560","info@jadewealth.co.in","0918180860487","0918180860487","Office No 206, Meter Room No 2, Omkar CHS, Pant Nagar, Near Vegetable Market, Ghatkopar East, MUMBAI, MAHARASHTRA, 400075","Khushal Shivarkar","Office No 206, Meter Room No 2, Omkar CHS, Pant Nagar, Near Vegetable Market, Ghatkopar East, MUMBAI, MAHARASHTRA, 400075","","","","","","info@jadewealth.co.in","0918180860487","Jul 21, 2025 - Perpetual","https://www.sebi.gov.in/sebiweb/other/OtherAction.do?doRecognisedFpi=yes&intmId=33"
"253","Registered Portfolio Managers","33","11","JAIN INVESTMENT ADVISORS PVT. LTD","","INP000004979","","02266898307","02266898307","01 & 02,Andheri Anurag,, Bhardawadi,Near ICICI Colony, Andheri West,Mumbai, MUMBAI, MAHARASHTRA, 400058","HUSEAIN KAIZER BHARUCHWALA","01 & 02,Andheri Anurag,Bhardawadi , Near ICICI Colony,Andheri West, MUMBAI, MAHARASHTRA, 400058","","","","jaininvestmentadvisors.com/","","","02266898307","Jan 05, 2016 - Perpetual","https://www.sebi.gov.in/sebiweb/other/OtherAction.do?doRecognisedFpi=yes&intmId=33"
"254","Registered Portfolio Managers","33","11","JAINAM BROKING LIMITED","","INP000006785","vidhi.parikh@jainam.in","09102616725556","09102616725556","JAINAM HOUSE, NEW PASSPORT OFFICE ROAD,, PIPLOD, SURAT, GUJARAT, 395007","Vidhi Parikh","JAINAM HOUSE, NEW PASSPORT OFFICE ROAD, PIPLOD, SURAT, GUJARAT, 395007","","","","","","vidhi.parikh@jainam.in","09102616725556","Jun 27, 2019 - Perpetual","https://www.sebi.gov.in/sebiweb/other/OtherAction.do?doRecognisedFpi=yes&intmId=33"
"255","Registered Portfolio Managers","33","11","JANAK MERCHANT SECURITIES PVT LTD","","INP000001215","","","","108 Sahajanand Complex, 2416 East Street, PUNE, MAHARASHTRA, 411001","JAIDEEP JANAK MERCHANT","7 M.G. ROAD, 13, BASEMENT , WONDERLAND, PUNE, MAHARASHTRA, 411001","","","","","","","","Jun 01, 2017 - Perpetual","https://www.sebi.gov.in/sebiweb/other/OtherAction.do?doRecognisedFpi=yes&intmId=33"
"256","Registered Portfolio Managers","33","11","Jashvik Capital Advisory LLP","","INP000008297","npatwari@jashvikcapital.com","0919920995658","0919920995658","1124, Hubtown Solaris, N S Phadke Marg Near Regency Restaurant, Andheri East, MUMBAI, MAHARASHTRA, 400069","Naresh Patwari","Kohinoor Square, No 3503 04 N C Kelkar Marg, Shivaji Park Dadar W, Mumbai, MUMBAI, MAHARASHTRA, 400028","","","","","","npatwari@jashvikcapital.com","0919920995658","Sep 08, 2023 - Perpetual","https://www.sebi.gov.in/sebiweb/other/OtherAction.do?doRecognisedFpi=yes&intmId=33"
"257","Registered Portfolio Managers","33","11","JEETAY INVESTMENTS PVT LTD","","INP000000993","","","","58, MAKER TOWERS 'F', CUFFE PARADE, MUMBAI, MAHARASHTRA, 400005","","58, MAKER TOWERS 'F', CUFFE PARADE, MUMBAI, MAHARASHTRA, 400005","","","","","","","","Jul 01, 2016 - Perpetual","https://www.sebi.gov.in/sebiweb/other/OtherAction.do?doRecognisedFpi=yes&intmId=33"
"258","Registered Portfolio Managers","33","11","JM Financial Asset Management Limited","","INP000009719","mrituanjay.singh@jmfl.com","9102261987777","9102261987777","7th Floor Cnergy, Appasaheb Marathe Marg, Prabhadevi, Mumbai 400025, MUMBAI, MAHARASHTRA, 400025","Mrituanjay Singh","Office B, 8th Floor Cnergy, Appasaheb Marathe Marg, Prabhadevi, Mumbai 400025., MUMBAI, MAHARASHTRA, 400025","","","","https://www.jmfinancialmf.com/","","mrituanjay.singh@jmfl.com","9102261987777","Nov 28, 2025 - Perpetual","https://www.sebi.gov.in/sebiweb/other/OtherAction.do?doRecognisedFpi=yes&intmId=33"
"259","Registered Portfolio Managers","33","11","JM Financial Limited","","INP000008455","AKSHAY.VORA@JMFL.COM","9122266303030","9122266303030","7th Floor, Cnergy, Appasaheb Marathe Marg, Prabhadevi,, MUMBAI, MAHARASHTRA, 400025","AKSHAY VORA","5th Floor, Cnergy, Appasaheb Marathe Marg, MUMBAI, MAHARASHTRA, 400025","","","","","","AKSHAY.VORA@JMFL.COM","9122266303030","Dec 13, 2023 - Perpetual","https://www.sebi.gov.in/sebiweb/other/OtherAction.do?doRecognisedFpi=yes&intmId=33"
"260","Registered Portfolio Managers","33","11","JOINDRE CAPITAL SERVICES LIMITED","","INP000006138","shuklaap@joindre.com","02202240334728","02202240334728","29-32,3rd Floor,9/15, Bansilal Building, , Homi Modi Street, Fort,, MUMBAI, MAHARASHTRA, 400023","Ayodhyaprasad Shukla","Botawala Bldg, 2nd Floor, 11/13, Horniman Circle, Fort, Mumbai, MUMBAI, MAHARASHTRA, 400023","","","","JOINDREPMS.COM","","shuklaap@joindre.com","02202240334728","Sep 27, 2018 - Perpetual","https://www.sebi.gov.in/sebiweb/other/OtherAction.do?doRecognisedFpi=yes&intmId=33"
"261","Registered Portfolio Managers","33","11","Julius Baer Wealth Advisors India Private Limited","","INP000007012","purva.joshi@juliusbaer.com","9102261760184","9102261760184","Altimus, 2501, 25th level,, Pandurang Budhkar Marg, Worli, MUMBAI, MAHARASHTRA, 400018","Purva Joshi","Altimus, 2501, 25th level, Pandurang Budhkar Marg, Worli, MUMBAI, MAHARASHTRA, 400018","","","","","","purva.joshi@juliusbaer.com","9102261760184","Jul 14, 2020 - Perpetual","https://www.sebi.gov.in/sebiweb/other/OtherAction.do?doRecognisedFpi=yes&intmId=33"
"262","Registered Portfolio Managers","33","11","Kabir Capital Advisors LLP","","INP000009490","neha@kabircapital.in","00919833905202","00919833905202","Block E 003, Welkin Park, 1 10 32 37, Prakash Nagar, Begumpet, Secunderabad, HYDERABAD, TELANGANA, 500016","Neha Vyas","1 10 39 to 44, Office number 401, Level 4, Gumidelli Towers, Old Airport Road, Begumpet, Prakash Nagar, HYDERABAD, TELANGANA, 500016","","","","","","neha@kabircapital.in","00919833905202","Jun 09, 2025 - Perpetual","https://www.sebi.gov.in/sebiweb/other/OtherAction.do?doRecognisedFpi=yes&intmId=33"
"263","Registered Portfolio Managers","33","11","KAPM Ventures LLP","","INP000008394","compliance@kapmventures.com","910009702019439","910009702019439","30th floor, 3001 Crescent Bay, Parel, Mumbai, MUMBAI, MAHARASHTRA, 400013","Vineet Kaul","30th floor, 3001 Crescent Bay, Parel, Mumbai, MUMBAI, MAHARASHTRA, 400013","","","","kapmventures.com/","","compliance@kapmventures.com","910009702019439","Dec 04, 2023 - Perpetual","https://www.sebi.gov.in/sebiweb/other/OtherAction.do?doRecognisedFpi=yes&intmId=33"
"264","Registered Portfolio Managers","33","11","KARMA CAPITAL ADVISORS PVT. LTD.","","INP000001223","SHARDUL.SINGH@KARMACAPITAL.CO.IN","9102262327207","9102262327207","Floor 12U Suite 1 Remi Commercio, Off Veera Desai Road Andheri West, MUMBAI, MAHARASHTRA, 400053","Shardul Vikram Singh","Floor 12U Suite 1 Remi Commercio, Off Veera Desai Road Andheri West, MUMBAI, MAHARASHTRA, 400053","","","","karmacapital.co.in/","","SHARDUL.SINGH@KARMACAPITAL.CO.IN","9102262327207","Jun 16, 2017 - Perpetual","https://www.sebi.gov.in/sebiweb/other/OtherAction.do?doRecognisedFpi=yes&intmId=33"
"265","Registered Portfolio Managers","33","11","KARVY CAPITAL LIMITED","","INP000004524","","022 6149 1605","022 6149 1605","101 and 201 1st and 2nd Floor Gujrals Plot No 167, CST Road Kalina Santacruz East, MUMBAI, MAHARASHTRA, 400098","Mr. Rakesh Asawa","702, Hallmark Business Plaza, Sant Dnyaneshwar Marg, Off. Bandra Kurla Complex, MUMBAI, MAHARASHTRA, 400051","","","","http://karvycapital.co.in","","","022 6149 1605","Jun 10, 2017 - Perpetual","https://www.sebi.gov.in/sebiweb/other/OtherAction.do?doRecognisedFpi=yes&intmId=33"
"266","Registered Portfolio Managers","33","11","KB CAPITAL MARKETS PVT. LTD.","","INP000001041","prashant@kbc.in","9103340347007","9103340347007","WARDLEY HOUSE 2ND FLOOR, 25, SWALLOW LANE, KOLKATA, WEST BENGAL, 700001","Prashant Khandelwal","The Legacy, 3rd Floor, Unit No. 31, 25A Shakespeare Sarani, KOLKATA, WEST BENGAL, 700017","","","","","","prashant@kbc.in","9103340347007","Sep 01, 2016 - Perpetual","https://www.sebi.gov.in/sebiweb/other/OtherAction.do?doRecognisedFpi=yes&intmId=33"
"267","Registered Portfolio Managers","33","11","Kedia Shares & Stocks Brokers Ltd","","INP000006590","Compliance@kediashares.com","9102246049268","","Kedia Shares & Stocks Brokers Ltd., B-3505, KOHINOOR SQUARE, N. C. KELKAR MARG, R. G. GADKARI CHOWK, SHIVAJI PARK, DADAR WEST, MUMBAI, MAHARASHTRA, 400028","Rakesh Agrawal","Kedia Shares & Stocks Brokers Ltd., B-3505, KOHINOOR SQUARE, N. C. KELKAR MARG, R. G. GADKARI CHOWK, SHIVAJI PARK, DADAR WEST, MUMBAI, MAHARASHTRA, 400028","","","","kediashares.com","","Compliance@kediashares.com","9102246049268","Apr 04, 2019 - Perpetual","https://www.sebi.gov.in/sebiweb/other/OtherAction.do?doRecognisedFpi=yes&intmId=33"
"268","Registered Portfolio Managers","33","11","KHANDWALA SECURITIES LTD","","INP000000340","","4076 7373","4076 7373","VIKAS BUILDING, GROUND FLOOR, GREEN STREET, FORT, MUMBAI, MAHARASHTRA, 400023","MR. JAGDISH MODI","VIKAS BUILDING, GROUND FLOOR, GREEN STREET, FORT, MUMBAI, MAHARASHTRA, 400 023","","","","kslindia.com","","","4076 7373","Sep 01, 2014 - Perpetual","https://www.sebi.gov.in/sebiweb/other/OtherAction.do?doRecognisedFpi=yes&intmId=33"
"269","Registered Portfolio Managers","33","11","Klay Securities Private Limited","","INP000006280","compliance@klaygroup.com","9102269106000","","1402, ONE BKC, B-Wing, G - Block, Bandra Kurla Complex Bandra East, MUMBAI, MAHARASHTRA, 400051","Niren Vora","1402, ONE BKC, B-Wing, G - Block, Bandra Kurla Complex Bandra East, MUMBAI, MAHARASHTRA, 400051","","","","klaygroup.com/","","compliance@klaygroup.com","9102269106000","Nov 29, 2018 - Perpetual","https://www.sebi.gov.in/sebiweb/other/OtherAction.do?doRecognisedFpi=yes&intmId=33"
"270","Registered Portfolio Managers","33","11","Korman Capital Investment Advisors LLP","","INP000009968","","","","UNIT 02, OLSEN SPACES 4TH FLOOR, SITE NO. 41, AGARA VILLAGE, 12TH MAIN ROAD, 14TH CRS HSR LYT SEC 06, BANGALORE, KARNATAKA, 560102","Durgesh Solanki","","","","","","","","","Apr 27, 2026 - Perpetual","https://www.sebi.gov.in/sebiweb/other/OtherAction.do?doRecognisedFpi=yes&intmId=33"
"271","Registered Portfolio Managers","33","11","KOTAK ALTERNATE ASSET MANAGERS LIMITED","","INP000004987","","","","","","","","","","","","","","Jan 20, 2016 - Perpetual","https://www.sebi.gov.in/sebiweb/other/OtherAction.do?doRecognisedFpi=yes&intmId=33"
"272","Registered Portfolio Managers","33","11","KOTAK MAHINDRA ASSET MANAGEMENT COMPANY LTD","","INP000000837","","02266056940","02266056940","36 - 38A Nariman Bhavan, 227, NARIMAN POINT,, MUMBAI, MAHARASHTRA, 400021","SANDEEP KAMATH","5A, 5TH FLOOR, BAKHTAWAR, 229, NARIMAN POINT, MUMBAI, MAHARASHTRA, 400021","","","","kotakpms.com","","","02266056940","Nov 16, 2015 - Perpetual","https://www.sebi.gov.in/sebiweb/other/OtherAction.do?doRecognisedFpi=yes&intmId=33"
"273","Registered Portfolio Managers","33","11","KOTAK SECURITIES LTD","","INP000000258","","02266056205","02266056205","BAKHTAWAR, 1ST FLOOR, 229 NARIMAN POINT, MUMBAI, MAHARASHTRA, 400021","MR. SANDEEP CHORDIA","KOTAK INFINITY, BUILDING NO 21, 6TH FLOOR, INFINITY PARK, OFF WESTERN EXPRESS HIGHWAY, GENERAL A K VAIDYA MARG ,MALAD (E), MUMBAI, MAHARASHTRA, 400097","","","","kotaksecurities.com","","","02266056205","Mar 31, 2017 - Perpetual","https://www.sebi.gov.in/sebiweb/other/OtherAction.do?doRecognisedFpi=yes&intmId=33"
"274","Registered Portfolio Managers","33","11","Kriis Portfolio Pvt. Ltd.","","INP000006545","info@kriis.in","0919773013207","0919773013207","Office no. 606, R-square, LBS Marg, Mulund West, MUMBAI, MAHARASHTRA, 400080","Mansi Nagda","Office no. 606, R-square, LBS Marg, Mulund West, MUMBAI, MAHARASHTRA, 400080","","","","kriis.in","","info@kriis.in","0919773013207","Apr 03, 2019 - Perpetual","https://www.sebi.gov.in/sebiweb/other/OtherAction.do?doRecognisedFpi=yes&intmId=33"
"275","Registered Portfolio Managers","33","11","KSEMA WEALTH PVT LTD","","INP000006299","Swesan2005@gmail.com","9104448533461","9104448533461","New No 2 Old No20 Manikkam Street, off Jubilee Road, West Mambalam, CHENNAI, TAMIL NADU, 600033","Swetha Kumar","204, Prince Center, 248 Pathari road, Thousand Lights, CHENNAI, TAMIL NADU, 600006","","","","ksemawealth.com","","Swesan2005@gmail.com","9104448533461","Nov 30, 2018 - Perpetual","https://www.sebi.gov.in/sebiweb/other/OtherAction.do?doRecognisedFpi=yes&intmId=33"
"276","Registered Portfolio Managers","33","12","KUNVARJI FINSTOCK PRIVATE LIMITED","","INP000004540","","07966669000","07966669000","BLOCK B, FIRST FLOOR, SIDDHIVINAYAK TOWERS, OFF S.G.HIGHWAY ROAD, MAKARBA, AHMEDABAD, GUJARAT, 380051","HIMANJAL BRAHMBHATT","","","","","kunvarjiwealth.com/portfolio-management-services/","","","07966669000","Aug 21, 2014 - Perpetual","https://www.sebi.gov.in/sebiweb/other/OtherAction.do?doRecognisedFpi=yes&intmId=33"
"277","Registered Portfolio Managers","33","12","KYNG CAPITAL MANAGEMENT PRIVATE LIMITED","","INP000008312","complianceofficer@kyngcapitalmanagmt.com","910009790668991","910009790668991","No.57A, 4th Floor, Jawaharlal Nehru Road, Vadapalani, CHENNAI, TAMIL NADU, 600026","Ramya N","No.57A, 4th Floor, Jawaharlal Nehru Road, Vadapalani, CHENNAI, TAMIL NADU, 600026","","","","","","complianceofficer@kyngcapitalmanagmt.com","910009790668991","Oct 03, 2023 - Perpetual","https://www.sebi.gov.in/sebiweb/other/OtherAction.do?doRecognisedFpi=yes&intmId=33"
"278","Registered Portfolio Managers","33","12","LABURNUM CAPITAL ADVISORS PRIVATE LIMITED","","INP000003526","varun.madhok@lab-cap.com","0110141015694","0110141015694","D 64 T F Defence Colony, Ring Road Near MCD Office, NEW DELHI, NATIONAL CAPITAL TERRITORY OF DELHI, 110024","Varun Madhok","D 64 T F Defence Colony, Ring Road Near MCD Office, NEW DELHI, NATIONAL CAPITAL TERRITORY OF DELHI, 110024","","","","","","varun.madhok@lab-cap.com","0110141015694","Dec 31, 2015 - Perpetual","https://www.sebi.gov.in/sebiweb/other/OtherAction.do?doRecognisedFpi=yes&intmId=33"
"279","Registered Portfolio Managers","33","12","Ladderup Asset Managers Private Limited","","INP000007775","","","","","","","","","","","","","","Jan 17, 2023 - Perpetual","https://www.sebi.gov.in/sebiweb/other/OtherAction.do?doRecognisedFpi=yes&intmId=33"
"280","Registered Portfolio Managers","33","12","lakewater advisors private limited","","INP000006767","runwithpankaj@gmail.com","9103346026554","","604, Martin Business Park, Block BP 3, Salt Lake, Sector V, Kolkata, KOLKATA, WEST BENGAL, 700091","priyanka Sancheti","604, Martin Business Park, Block BP 3, Salt Lake, Sector V, Kolkata, KOLKATA, WEST BENGAL, 700091","","","","","","runwithpankaj@gmail.com","9103346026554","May 11, 2019 - Perpetual","https://www.sebi.gov.in/sebiweb/other/OtherAction.do?doRecognisedFpi=yes&intmId=33"
"281","Registered Portfolio Managers","33","12","LATENT ADVISORS LLP","","INP000008437","bhavin@latentadvisors.com","9102249766587","","103 Sanjay Building No 2 Mittal Industrial Estate, M V Road Marol Naka Andheri E, MUMBAI, MAHARASHTRA, 400059","Divyansh Gupta","103 Sanjay Building No 2 Mittal Industrial Estate, M V Road Marol Naka Andheri E, MUMBAI, MAHARASHTRA, 400059","","","","latentadvisors.com/","","bhavin@latentadvisors.com","9102249766587","Dec 13, 2023 - Perpetual","https://www.sebi.gov.in/sebiweb/other/OtherAction.do?doRecognisedFpi=yes&intmId=33"
"282","Registered Portfolio Managers","33","12","LAUREL SECURITIES PRIVATE LIMITED","","INP000008792","compliance@laurelsec.in","0919433926767","0919433926767","909, 9th Floor, Diamond Heritage, 16, Strand Road , Kolkata, KOLKATA, WEST BENGAL, 700001","Vijay Varma","909, 9th Floor, Diamond Heritage, 16, Strand Road , Kolkata, KOLKATA, WEST BENGAL, 700001","","","","laurelgroup.in","","compliance@laurelsec.in","0919433926767","Jul 03, 2024 - Perpetual","https://www.sebi.gov.in/sebiweb/other/OtherAction.do?doRecognisedFpi=yes&intmId=33"
"283","Registered Portfolio Managers","33","12","LC Capital India Private Limited","","INP000008163","nrithya.ganam@lighthouse-canton.com","91009176290695","91009176290695","Building 9000, Plot no. 7, SY no. 542, MN Park Phase II, HYDERABAD, TELANGANA, 500078","Nrithya Ganam","Hotel Aloft, 5B AeroCity, IGI Road, DELHI, NATIONAL CAPITAL TERRITORY OF DELHI, 500078","","","","lighthouse-canton.com/in/lighthouse-canton---regulatory-information--pms","","nrithya.ganam@lighthouse-canton.com","91009176290695","Jun 27, 2023 - Perpetual","https://www.sebi.gov.in/sebiweb/other/OtherAction.do?doRecognisedFpi=yes&intmId=33"
"284","Registered Portfolio Managers","33","12","LCatterton Mumbai Advisory Services Private Limited","","INP000009180","Srinivasan.R@lcatterton.com","00091110874323","00091110874323","Unit No. 902, 9th Floor, TCG Financial Centre, G block, Bandra Kurla Complex, Bandra East, Mumbai, MUMBAI, MAHARASHTRA, 400098","Srinivasan R","Unit No. 902, 9th Floor, TCG Financial Centre, G block, Bandra Kurla Complex, Bandra East, Mumbai, MUMBAI, MAHARASHTRA, 400098","","","","","","Srinivasan.R@lcatterton.com","00091110874323","Jan 07, 2025 - Perpetual","https://www.sebi.gov.in/sebiweb/other/OtherAction.do?doRecognisedFpi=yes&intmId=33"
"285","Registered Portfolio Managers","33","12","LGT Wealth India Private Limited","","INP000008376","compliance@lgtindia.in","9102250941000","","7th Floor, A Block, Shiv Sagar Estate, Worli, MUMBAI, MAHARASHTRA, 400018","Prem Choudhary","7th Floor, A Block, Shiv Sagar Estate, Worli, MUMBAI, MAHARASHTRA, 400018","","","","","","compliance@lgtindia.in","9102250941000","Nov 23, 2023 - Perpetual","https://www.sebi.gov.in/sebiweb/other/OtherAction.do?doRecognisedFpi=yes&intmId=33"
"286","Registered Portfolio Managers","33","12","Lighthouse AMC Private Limited","","INP000008215","tarum@lhfunds.com","9102242021000","9102242021000","1904, Raheja Altimus, Dr. GM, Bhosale Marg, , Opp. Mahindra Tower, Worli, MUMBAI, MAHARASHTRA, 400018","Tarun Pande","","","","","","","tarum@lhfunds.com","9102242021000","Jul 21, 2023 - Perpetual","https://www.sebi.gov.in/sebiweb/other/OtherAction.do?doRecognisedFpi=yes&intmId=33"
"287","Registered Portfolio Managers","33","12","LKP SECURITIES LTD","","INP000005299","","","","203, Embassy Centre, Nariman Point, MUMBAI, MAHARASHTRA, 400021","","211, Embassy Centre, Nariman Point, MUMBAI, MAHARASHTRA, 400021","","","","lkpsec.com","","","","Dec 15, 2016 - Perpetual","https://www.sebi.gov.in/sebiweb/other/OtherAction.do?doRecognisedFpi=yes&intmId=33"
"288","Registered Portfolio Managers","33","12","M/S JHP SECURITIES PRIVATE LIMITED","","INP000004953","","912240824242","912240824242","201 by B DEV NEO VIKRAM SAHAKAR NAGAR ABOVE AUDI SHOWROOM, NEW LINK ROAD ANDHERI W, MUMBAI, MAHARASHTRA, 400053","Shubhangi Balkrishna Nevase","Gokul Emerald 2nd Floor Next to Videocon Tower, Thakur Complex Kandivali E, MUMBAI, MAHARASHTRA, 400101","","","","jhpsecurities.com","","","912240824242","Dec 01, 2015 - Perpetual","https://www.sebi.gov.in/sebiweb/other/OtherAction.do?doRecognisedFpi=yes&intmId=33"
"289","Registered Portfolio Managers","33","12","M/S.ASTEYA INVESTMENT MANAGERS LLP,","","INP000006536","poonam.rawal@asteyaglobal.com","9102226514252","9102226514252","Office no.110, 1st floor, Keshava Building, Plot No C-5,, E Block, Bandra Kurla Complex, Bandra East, MUMBAI, MAHARASHTRA, 400051","Poonam Rawal","Office no.110, 1st floor, Keshava Building, Plot No C-5, E Block, Bandra Kurla Complex, Bandra East, MUMBAI, MAHARASHTRA, 400051","","","","","","poonam.rawal@asteyaglobal.com","9102226514252","Apr 01, 2019 - Perpetual","https://www.sebi.gov.in/sebiweb/other/OtherAction.do?doRecognisedFpi=yes&intmId=33"
"290","Registered Portfolio Managers","33","12","Magadh Capital Advisors LLP","","INP000007155","rajesh.sahu@magadhcapital.com","000919937672026","000919937672026","801, Floor 8 Tower 1, Terra, Planet Godrej, Keshavrao Khadye Marg, Saat Rasta, Jacob Circle, Mumbai,, Maharashtra 400011, India, MUMBAI, MAHARASHTRA, 400011","RAJESH SAHU","801, Floor 8 Tower 1, Terra, Planet Godrej, Keshavrao Khadye Marg, Saat Rasta, Jacob Circle, Mumbai, Maharashtra 400011, India, MUMBAI, MAHARASHTRA, 400011","","","","","","rajesh.sahu@magadhcapital.com","000919937672026","Feb 15, 2021 - Perpetual","https://www.sebi.gov.in/sebiweb/other/OtherAction.do?doRecognisedFpi=yes&intmId=33"
"291","Registered Portfolio Managers","33","12","MANSI SHARE & STOCK BROKING PRIVATE LIMITED","","INP000007605","pms@mansishares.in","9102240503800","","B 201 AVIRAHI BUILDING, S V ROAD BORIVALI WEST, MUMBAI, MAHARASHTRA, 400092","Mithilesh Mehta","B 201 AVIRAHI BUILDING, S V ROAD BORIVALI WEST, MUMBAI, MAHARASHTRA, 400092","","","","","","pms@mansishares.in","9102240503800","Nov 07, 2022 - Perpetual","https://www.sebi.gov.in/sebiweb/other/OtherAction.do?doRecognisedFpi=yes&intmId=33"
"292","Registered Portfolio Managers","33","12","Marathon Trends Advisory Private Limited","","INP000005722","suriatul@hotmail.com","9102264551999","9102264551999","2/2 Hill View No 1,, 241 Hill Road, Bandra West, MUMBAI, MAHARASHTRA, 400050","Atul Suri","401, Ram Krishna Chambers, Above Raymonds Showroom,Linking Road, Khar West, MUMBAI, MAHARASHTRA, 400052","","","","marathontrends.com","","suriatul@hotmail.com","9102264551999","Jul 07, 2017 - Perpetual","https://www.sebi.gov.in/sebiweb/other/OtherAction.do?doRecognisedFpi=yes&intmId=33"
"293","Registered Portfolio Managers","33","12","Marcellus Investment Managers Private Limited","","INP000006183","","","","","","","","","","marcellus.in/","","","","Oct 22, 2018 - Perpetual","https://www.sebi.gov.in/sebiweb/other/OtherAction.do?doRecognisedFpi=yes&intmId=33"
"294","Registered Portfolio Managers","33","12","MARFATIA STOCK BROKING PRIVATE LIMITED","","INP000005117","fromdeskofmd@marfatia.net","9102653513355","9102653513355","216 GLACIER COMPLEX, JETALPUR ROAD, VADODARA, GUJARAT, 390007","RAHUL MEHTA","216 GLACIER COMPLEX, JETALPUR ROAD, VADODARA, GUJARAT, 390007","","","","marfatia.net/","","fromdeskofmd@marfatia.net","9102653513355","Sep 04, 2024 - Perpetual","https://www.sebi.gov.in/sebiweb/other/OtherAction.do?doRecognisedFpi=yes&intmId=33"
"295","Registered Portfolio Managers","33","12","MARKETS MOJO ASSET MANAGEMENT PRIVATE LIMITED","","INP000007890","compliance@mojopms.com","9102235121238","9102235121238","Benefice Business House, Office No. 3B, 3rd Floor, C.S. 242, Mathuradas Mills Estate, N.M. Joshi Marg, Tulsi Pipe Road, Lower Parel West, MUMBAI, MAHARASHTRA, 400013","Leena Joyson","Benefice Business House, Office No. 3B, 3rd Floor, C.S. 242, Mathuradas Mills Estate, N.M. Joshi Marg, Tulsi Pipe Road, Lower Parel West, MUMBAI, MAHARASHTRA, 400013","","","","","","compliance@mojopms.com","9102235121238","Mar 13, 2023 - Perpetual","https://www.sebi.gov.in/sebiweb/other/OtherAction.do?doRecognisedFpi=yes&intmId=33"
"296","Registered Portfolio Managers","33","12","MASTER PORTFOLIO SERVICES LTD","","INP000001637","","911724848000","911724848000","704, 7th FLOOR, SEARS TOWER,, OPP. JUST DIAL TOWER, PANCHVATI TO GULBAI TEKRA ROAD, AHMEDABAD, GUJARAT, 380009","RINKOO SAHOO","SCO 22-23, SEC 9D, CHANDIGARH, CHANDIGARH, 141001","","","","mastertrust.co.in","","","911724848000","Feb 16, 2015 - Perpetual","https://www.sebi.gov.in/sebiweb/other/OtherAction.do?doRecognisedFpi=yes&intmId=33"
"297","Registered Portfolio Managers","33","12","Matterhorn Investment Advisors LLP","","INP000009588","jainvikas1982@gmail.com","910229950985555","910229950985555","P No. 90, Shri Gopal Nagar, Gopal Pura Bypass, JAIPUR, RAJASTHAN, 302018","Vikas Jain","Office 307, 3rd Floor, Horizon Tower, Jewel Of India, JLN Marg, Opposite Jaipur Stock Exchange, JAIPUR, RAJASTHAN, 302018","","","","","","jainvikas1982@gmail.com","910229950985555","Aug 18, 2025 - Perpetual","https://www.sebi.gov.in/sebiweb/other/OtherAction.do?doRecognisedFpi=yes&intmId=33"
"298","Registered Portfolio Managers","33","12","Maximal Capital Private Limited","","INP000007313","sarvesh@maximalcapital.com","9102246036351","","409, Nirman Kendra premises Co-op Society Ltd, Dr E Moses Road, Jacob Circle Mahalakshmi West, Mumba, Dr E Moses Road, Jacob Circle Mahalakshmi West,, MUMBAI, MAHARASHTRA, 400011","Chinar Sheth","409, Nirman Kendra premises Co-op Society Ltd, Dr E Moses Road, Jacob Circle Mahalakshmi West, Mumba, Dr E Moses Road, Jacob Circle Mahalakshmi West, MUMBAI, MAHARASHTRA, 400011","","","","maximalcapital.com","","sarvesh@maximalcapital.com","9102246036351","Jan 21, 2022 - Perpetual","https://www.sebi.gov.in/sebiweb/other/OtherAction.do?doRecognisedFpi=yes&intmId=33"
"299","Registered Portfolio Managers","33","12","MAXIOM ASSET MANAGEMENT PRIVATE LIMITED","","INP000007881","ram@maxiomassetmanagement.com","00919550290118","","Villa No. 53 Maple Town Sun City, Hydershakote, Don Bosco Post, Hyderguda, Hyderabad, Rajendranagar, HYDERABAD, TELANGANA, 500048","Sudheer Modadugu","C4 Awfis, 3rd Floor, Plot 800, Rd 36, Jubilee Hills, HYDERABAD, TELANGANA, 500033","","","","","","ram@maxiomassetmanagement.com","00919550290118","Mar 13, 2023 - Perpetual","https://www.sebi.gov.in/sebiweb/other/OtherAction.do?doRecognisedFpi=yes&intmId=33"
"300","Registered Portfolio Managers","33","12","Mehta Equities Private Limited","","INP000009977","","","","903, Lodha Supremus, Dr. E Moses Road, Worli Naka, Mumbai - 400018, MUMBAI, MAHARASHTRA, 400018","Prakash Joshi","","","","","https://mehtagroup.in/","","","","May 04, 2026 - Perpetual","https://www.sebi.gov.in/sebiweb/other/OtherAction.do?doRecognisedFpi=yes&intmId=33"
"301","Registered Portfolio Managers","33","13","Merisis Advisors Private Limited","","INP000006846","sumir@merisis.in","9108048521059","9108048521059","106 and 107, Balarama Building, Opp. Sales Tax Office, Bandra Kurla Complex, MUMBAI, MAHARASHTRA, 400098","Sumir Verma","504, Shashmira Centre, 176 Vidyanagari, CST Road, Santacruz East, MUMBAI, MAHARASHTRA, 400098","","","","","","sumir@merisis.in","9108048521059","Jul 24, 2019 - Perpetual","https://www.sebi.gov.in/sebiweb/other/OtherAction.do?doRecognisedFpi=yes&intmId=33"
"302","Registered Portfolio Managers","33","13","MICROSEC WEALTH MANAGEMENT LIMITED","","INP000006086","rksingh@microsec.in","9103322829330","9103322829330","AZIMGUNJ HOUSE, 2ND FLOOR, 7 ABANINDRA NATH THAKUR SARANI, FORMERLY CAMAC STREET, KOLKATA, WEST BENGAL, 700017","RAHUL SINGH","AZIMGUNJ HOUSE, 2ND FLOOR, 7 ABANINDRA NATH THAKUR SARANI, FORMERLY CAMAC STREET, KOLKATA, WEST BENGAL, 700017","","","","","","rksingh@microsec.in","9103322829330","Jul 23, 2018 - Perpetual","https://www.sebi.gov.in/sebiweb/other/OtherAction.do?doRecognisedFpi=yes&intmId=33"
"303","Registered Portfolio Managers","33","13","MILLENNIUM FINANCE LTD.","","INP000001447","","04066668679","04066668679","402, MGR ESTATES,, BEHIND MODEL HOUSE, PANJAGUTTA,, HYDERABAD, ANDHRA PRADESH, 500 082","A V Koteshwara Rao","402, MGR ESTATES, BEHIND MODEL HOUSE, PANJAGUTTA, HYDERABAD, ANDHRA PRADESH, 500 082","","","","","","","04066668679","Nov 01, 2014 - Perpetual","https://www.sebi.gov.in/sebiweb/other/OtherAction.do?doRecognisedFpi=yes&intmId=33"
"304","Registered Portfolio Managers","33","13","MIRAE ASSET INVESTMENT MANAGERS INDIA PRIVATE LIMITED","","INP000009409","Compliance@miraeassetmf.co.in","9102267800300","","UNIT 606 6TH FLOOR WINDSR BLDG, OFF CST ROAD KALINA SANTACRUZ EAST, MUMBAI, MAHARASHTRA, 400098","PAYAL SUTHAR","UNIT 606 6TH FLOOR WINDSR BLDG, OFF CST ROAD KALINA SANTACRUZ EAST, MUMBAI, MAHARASHTRA, 400098","","","","","","Compliance@miraeassetmf.co.in","9102267800300","Apr 25, 2025 - Perpetual","https://www.sebi.gov.in/sebiweb/other/OtherAction.do?doRecognisedFpi=yes&intmId=33"
"305","Registered Portfolio Managers","33","13","Mittal Analytics Private Limited","","INP000006730","compliance@mittalanalytics.com","9105224002900","9105224002900","F4 403 404 A Iridium, Shalimar Corporate Park Vibhuti Khand Gomtinagar Lucknow, LUCKNOW, UTTAR PRADESH, 226010","Yagya Kalra","F4 403 404 A Iridium, Shalimar Corporate Park Vibhuti Khand Gomtinagar Lucknow, LUCKNOW, UTTAR PRADESH, 226010","","","","","","compliance@mittalanalytics.com","9105224002900","May 07, 2019 - Perpetual","https://www.sebi.gov.in/sebiweb/other/OtherAction.do?doRecognisedFpi=yes&intmId=33"
"306","Registered Portfolio Managers","33","13","MIV INVESTMENT SERVICES PVT. LTD.","","INP000001413","compliance@prodigyinvest.com","9102222875801","9102222875801","301 302 Mittal Avenue Nagindas Master Road, Kala Ghoda Fort, MUMBAI, MAHARASHTRA, 400001","Jose Boni","301 302 Mittal Avenue Nagindas Master Road, Kala Ghoda Fort, MUMBAI, MAHARASHTRA, 400001","","","","prodigyinvest.com","","compliance@prodigyinvest.com","9102222875801","Oct 16, 2014 - Perpetual","https://www.sebi.gov.in/sebiweb/other/OtherAction.do?doRecognisedFpi=yes&intmId=33"
"307","Registered Portfolio Managers","33","13","MO Alternate Investment Advisors Private Limited","","INP000004920","compliance.moalts@motilaloswal.com","91227199757083948","91227199757083948","Motilal Oswal Tower, Rahimtullah Sayani Road, Opposite Parel ST Depot, Prabhadevi, Mumbai, MUMBAI, MAHARASHTRA, 400025","Naveen Gupta","10th Floor Motilal Oswal Tower Jn. of Gokhale Road, and Sayani Road Prabhadevi, MUMBAI, MAHARASHTRA, 400025","","","","","","compliance.moalts@motilaloswal.com","91227199757083948","Nov 17, 2015 - Perpetual","https://www.sebi.gov.in/sebiweb/other/OtherAction.do?doRecognisedFpi=yes&intmId=33"
"308","Registered Portfolio Managers","33","13","MOAT FINANCIAL SERVICES PRIVATE LIMITED","","INP000004482","compliance@moatindia.com","9104844039561","","3 I, 3rd Floor, National Pearl Star, Edappally, Ernakulam, KOCHI, KERALA, 682024","FAZALUL HAQUE A S","3 I, 3rd Floor, National Pearl Star, Edappally, Ernakulam, KOCHI, KERALA, 682024","","","","","","compliance@moatindia.com","9104844039561","Sep 05, 2016 - Perpetual","https://www.sebi.gov.in/sebiweb/other/OtherAction.do?doRecognisedFpi=yes&intmId=33"
"309","Registered Portfolio Managers","33","13","Molecule Ventures LLP","","INP000007216","anchal@moleculeventures.in","9102613599804","9102613599804","Office No. B-904, Tower B, Swastik Universal, Dumas Road, Near Valentine Cinema, SURAT, GUJARAT, 395007","Anchal Goenka","1302, B Wing, Naman Midtown Building, FP No. 616 Tulsi Pipe Road, Dr. Ambedkar Nagar, Senapati Bapat Marg, Elphinstone West, MUMBAI, MAHARASHTRA, 400013","","","","","","anchal@moleculeventures.in","9102613599804","May 31, 2021 - Perpetual","https://www.sebi.gov.in/sebiweb/other/OtherAction.do?doRecognisedFpi=yes&intmId=33"
"310","Registered Portfolio Managers","33","13","Monarch Networth Capital Limited","","INP000006059","pms.compliance@mnclgroup.com","910228767902851","910228767902851","Unit No 803 804A 8th Floor X Change Plaza Block No 53 Zone 5 Road 5E Gift City Gandhinagar, GANDHINAGAR, GUJARAT, 382355","Bhumika Gowda","301 302 3rd Floor Arunachal Building Barakhamba Road New Delhi, NEW DELHI, NATIONAL CAPITAL TERRITORY OF DELHI, 110001","","","","","","pms.compliance@mnclgroup.com","910228767902851","Jul 11, 2018 - Perpetual","https://www.sebi.gov.in/sebiweb/other/OtherAction.do?doRecognisedFpi=yes&intmId=33"
"311","Registered Portfolio Managers","33","13","MONEYBEE SECURITIES PRIVATE LIMITED","","INP000001959","","02240302010","02240302010","212 VEENA CHAMBERS, 21, DALAL STREET, FORT, MUMBAI, MAHARASHTRA, 400001","Akshay Vora","212 VEENA CHAMBERS, 21, DALAL STREET, FORT, MUMBAI, MAHARASHTRA, 400001","","","","moneybee.in/","","","02240302010","Feb 16, 2016 - Perpetual","https://www.sebi.gov.in/sebiweb/other/OtherAction.do?doRecognisedFpi=yes&intmId=33"
"312","Registered Portfolio Managers","33","13","Moneygrow Asset Private Limited","","INP000007915","pooja.gupta@moneygrowindia.com","91229833876605","91229833876605","B 1202 Vivarea Sane Guruji Marg, Mahalaxmi, MUMBAI, MAHARASHTRA, 400011","Pooja Gupta","804 Lodha Supremus 2 Senapati Bapat Marg, Lower Parel West, MUMBAI, MAHARASHTRA, 400013","","","","moneygrowindia.com/","","pooja.gupta@moneygrowindia.com","91229833876605","Mar 14, 2023 - Perpetual","https://www.sebi.gov.in/sebiweb/other/OtherAction.do?doRecognisedFpi=yes&intmId=33"
"313","Registered Portfolio Managers","33","13","Moneylife Advisory Services Pvt Ltd","","INP000006873","support@moneylife.in","9102249205000","9102249205022","201, 2nd Floor, Vinayak Angan, , Old Prabhadevi Road, MUMBAI, MAHARASHTRA, 400025","Pankaj Raheja","316, 3rd Floor, Hind Service Industries Premises, Off Veer Savarkar Marg, Shivaji Park, Dadar West, MUMBAI, MAHARASHTRA, 400028","","","","","","support@moneylife.in","9102249205000","Sep 09, 2019 - Perpetual","https://www.sebi.gov.in/sebiweb/other/OtherAction.do?doRecognisedFpi=yes&intmId=33"
"314","Registered Portfolio Managers","33","13","MOTILAL OSWAL ASSET MANAGEMENT COMPANY LIMITED","","INP000000670","","","","10th Floor, Motilal Oswal Tower, , Rahimtullah Sayani Road, Prabhadevi, MUMBAI, MAHARASHTRA, 400025","","2nd FLOOR, PALM SPRING CENTRE, PALM COURT COMPLEX, NEW LINK ROAD, MALAD (W), MUMBAI, MAHARASHTRA, 400064","","","","","","","","Sep 16, 2014 - Perpetual","https://www.sebi.gov.in/sebiweb/other/OtherAction.do?doRecognisedFpi=yes&intmId=33"
"315","Registered Portfolio Managers","33","13","MOTILAL OSWAL WEALTH LIMITED","","INP000004409","","39804228","39804228","Motilal Oswal Tower, Rahimtullah Sayani Road, Opp. Parel ST Depot,, Prabhadevi, Mumbai, MUMBAI, MAHARASHTRA, 400025","parag telang","Palm Spring Centre, 2nd Floor, Palm Court, Link Road, Malad West, Mumbai, MUMBAI, MAHARASHTRA, 400064","","","","motilaloswalpwm.com","","","39804228","Nov 29, 2015 - Perpetual","https://www.sebi.gov.in/sebiweb/other/OtherAction.do?doRecognisedFpi=yes&intmId=33"
"316","Registered Portfolio Managers","33","13","MRG INVESTMENT PARTNERS PRIVATE LIMITED","","INP000006253","keerthana261095@gmail.com","91808904522240","91808904522240","H NO 1139, SEC 21 B, CHANDIGARH, CHANDIGARH, 160022","KEERTHANA SAKALA","T3, NO 872, HA ARCADE, 17E MAIN, KORAMANGALA 6TH BLOCK, BANGALORE, KARNATAKA, 560095","","","","mrgcapital.in","","keerthana261095@gmail.com","91808904522240","Nov 16, 2018 - Perpetual","https://www.sebi.gov.in/sebiweb/other/OtherAction.do?doRecognisedFpi=yes&intmId=33"
"317","Registered Portfolio Managers","33","13","MULTI-ACT EQUITY CONSULTANCY PVT LTD","","INP000002965","","","","Ground Floor, ICC Chambers - I, Saki Vihar Road, Opp. Santogen Mills, Powai, MUMBAI, MAHARASHTRA, 400072","Nidhi Wig","2nd floor, ICC Chambers - II, Powai, Saki Vihar Road, Opp Santogen Mills, MUMBAI, MAHARASHTRA, 400072","","","","multi-act.com/","","","","Oct 14, 2014 - Perpetual","https://www.sebi.gov.in/sebiweb/other/OtherAction.do?doRecognisedFpi=yes&intmId=33"
"318","Registered Portfolio Managers","33","13","Multiples Alternate Asset Management Private Limited","","INP000007429","CompliancePMS@multiplesequity.com","91022266245555","91022266245555","701A Poonam Chambers BWing Dr Annie Besant Road Worli, MUMBAI, MAHARASHTRA, 400018","Shweta Laddha","701A Poonam Chambers BWing Dr Annie Besant Road Worli, MUMBAI, MAHARASHTRA, 400018","","","","multiplesequity.com/","","CompliancePMS@multiplesequity.com","91022266245555","May 10, 2022 - Perpetual","https://www.sebi.gov.in/sebiweb/other/OtherAction.do?doRecognisedFpi=yes&intmId=33"
"319","Registered Portfolio Managers","33","13","NAFA ASSET MANAGERS PRIVATE LIMITED","","INP000006989","deepalimore@nafaassetmanagers.com","9102268478318","9102268478318","302, Naman Centre, Plot No. C - 31, G Block,, Bandra Kurla Complex, Bandra East, MUMBAI, MAHARASHTRA, 400051","Deepali More","302, Naman Centre, Plot No. C - 31, G Block, Bandra Kurla Complex, Bandra East, MUMBAI, MAHARASHTRA, 400051","","","","","","deepalimore@nafaassetmanagers.com","9102268478318","Jan 20, 2020 - Perpetual","https://www.sebi.gov.in/sebiweb/other/OtherAction.do?doRecognisedFpi=yes&intmId=33"
"320","Registered Portfolio Managers","33","13","NARNOLIA VELOX ADVISORY LIMITED","","INP000009995","rdebnath@narnolia.com","9103340501500","","236B AJC BOSE ROAD, MARBLE ARCH 2ND FLOOR, KOLKATA, WEST BENGAL, 700020","Ramesh Singh","236B AJC BOSE ROAD, MARBLE ARCH 2ND FLOOR, KOLKATA, WEST BENGAL, 700020","","","","www.narnolia.com","","rdebnath@narnolia.com","9103340501500","May 06, 2026 - Perpetual","https://www.sebi.gov.in/sebiweb/other/OtherAction.do?doRecognisedFpi=yes&intmId=33"
"321","Registered Portfolio Managers","33","13","NEGEN CAPITAL SERVICES PRIVATE LIMITED","","INP000005414","yogen@negencapital.com","9102268162502","9102268162502","Trade Point Building, 2nd Floor,, Above Passport Office,Utopia City, Pandurang Budhkar Marg, Lower Parel W , Delisle Road,, MUMBAI, MAHARASHTRA, 400013","Yogen Lavari","CITY HALL, KAMALA MILLS COMPOUND, P.B.MARG, LOWER PAREL WEST, MUMBAI, MAHARASHTRA, 400013","","","","negenpms.com","","yogen@negencapital.com","9102268162502","Apr 26, 2017 - Perpetual","https://www.sebi.gov.in/sebiweb/other/OtherAction.do?doRecognisedFpi=yes&intmId=33"
"322","Registered Portfolio Managers","33","13","NEO Asset Management Private Limited","","INP000007641","ankit.saraf@neoassetmanagement.com","910009870152063","910009870152063","903, B Wing, 9th Floor, Marathon Futurex, Mafatlal Mills Compound, N. M. Joshi Marg, Lower Parel, MUMBAI, MAHARASHTRA, 400013","Ankit Saraf","903, B Wing, 9th Floor, Marathon Futurex, Mafatlal Mills Compound, N. M. Joshi Marg, Lower Parel, MUMBAI, MAHARASHTRA, 400013","","","","","","ankit.saraf@neoassetmanagement.com","910009870152063","Nov 24, 2022 - Perpetual","https://www.sebi.gov.in/sebiweb/other/OtherAction.do?doRecognisedFpi=yes&intmId=33"
"323","Registered Portfolio Managers","33","13","Neoliv Capital Advisory Private Limited","","INP000008738","compliance.copms@neoliv.in","9102247805701","9102247805701","403, 4th Floor, Tower B, The Capital, G Block, Bandra Kurla Complex, Bandra (East), MUMBAI, MAHARASHTRA, 400051","Jigar Maniar","403, 4th Floor, Tower B, The Capital, G Block, Bandra Kurla Complex, Bandra (East), MUMBAI, MAHARASHTRA, 400051","","","","","","compliance.copms@neoliv.in","9102247805701","Jun 05, 2024 - Perpetual","https://www.sebi.gov.in/sebiweb/other/OtherAction.do?doRecognisedFpi=yes&intmId=33"
"324","Registered Portfolio Managers","33","13","NEW BERRY CAPITALS PVT. LTD.","","INP000005323","sangeet@newberry.in","002248818479","002248818479","A 602 LEVEL 6 MARATHON NEXT GEN INNOVA, GANPATRAO KADAM MARG LOWER PAREL WEST, MUMBAI, MAHARASHTRA, 400013","SANGEET LAKKAR","A 602 LEVEL 6 MARATHON NEXT GEN INNOVA, GANPATRAO KADAM MARG LOWER PAREL WEST, MUMBAI, MAHARASHTRA, 400013","","","","https://www.newberry.in/","","sangeet@newberry.in","002248818479","Feb 20, 2017 - Perpetual","https://www.sebi.gov.in/sebiweb/other/OtherAction.do?doRecognisedFpi=yes&intmId=33"
"325","Registered Portfolio Managers","33","13","NINE RIVERS CAPITAL HOLDINGS PRIVATE LIMITED","","INP000004169","compliance@nineriverscapital.com","9102240632816","9102240632816","509 510, Meadows, Sahar Plaza, Andheri Kurla Road, Andheri East, MUMBAI, MAHARASHTRA, 400059","Narayan Nimkar","509 510, Meadows, Sahar Plaza, Andheri Kurla Road, Andheri East, MUMBAI, MAHARASHTRA, 400059","","","","","","compliance@nineriverscapital.com","9102240632816","Nov 15, 2014 - Perpetual","https://www.sebi.gov.in/sebiweb/other/OtherAction.do?doRecognisedFpi=yes&intmId=33"
"326","Registered Portfolio Managers","33","14","Nippon Life India AIF Management Limited","","INP000008242","Shruti.Parekh@nipponindiaim.com","910229199878621","910229199878621","20th Floor, 2001, Tower A, Peninsula Business Park, Ganapatrao Kadam Marg, Lower Parel, MUMBAI, MAHARASHTRA, 400013","Shruti Parekh","20th Floor, 2001, Tower A, Peninsula Business Park, Ganapatrao Kadam Marg, Lower Parel, MUMBAI, MAHARASHTRA, 400013","","","","","","Shruti.Parekh@nipponindiaim.com","910229199878621","Aug 21, 2023 - Perpetual","https://www.sebi.gov.in/sebiweb/other/OtherAction.do?doRecognisedFpi=yes&intmId=33"
"327","Registered Portfolio Managers","33","14","Nippon Life India Asset Management Limited","","INP000007085","compliance@nipponindiaim.com","9102268087000","9102268087000","30th Floor, One Lodha Place, Senapati Bapat Marg, Lower Parel,, MUMBAI, MAHARASHTRA, 400013","Muneesh Sud","20th Floor, 2001, Tower A, Peninsula Business Park, Ganpatrao Kadam, Marg, Lower Parel, MUMBAI, MAHARASHTRA, 400013","","","","","","compliance@nipponindiaim.com","9102268087000","Oct 06, 2020 - Perpetual","https://www.sebi.gov.in/sebiweb/other/OtherAction.do?doRecognisedFpi=yes&intmId=33"
"328","Registered Portfolio Managers","33","14","NIRMAL BANG SECURITIES PRIVATE LIMITED","","INP000002981","","30272324","30272324","B2 302 Marathon Innova, Ganpatrao Kadam Marg Peninsula Corporate Park Lower Parel West, MUMBAI, MAHARASHTRA, 400013","Samir P Kamdar","B2, 301&302, Marathon Innova, Lower Parel, MUMBAI, MAHARASHTRA, 400016","","","","","","","30272324","Oct 21, 2014 - Perpetual","https://www.sebi.gov.in/sebiweb/other/OtherAction.do?doRecognisedFpi=yes&intmId=33"
"329","Registered Portfolio Managers","33","14","Niveshaay Investment Management Private Limited","","INP000009506","vidhya.sanwal@niveshaay.com","9107096078870","9107096078870","Office No. 610 6th Floor, SNS Platina Vesu, SURAT, GUJARAT, 395007","Vidhya Sanwal","Office No. 610 6th Floor, SNS Platina Vesu, SURAT, GUJARAT, 395007","","","","","","vidhya.sanwal@niveshaay.com","9107096078870","Jun 23, 2025 - Perpetual","https://www.sebi.gov.in/sebiweb/other/OtherAction.do?doRecognisedFpi=yes&intmId=33"
"330","Registered Portfolio Managers","33","14","NJ ASSET MANAGEMENT PRIVATE LIMITED","","INP000003518","","91222613985965","91222613985965","BLOCK NO. 601, 3RD FLOOR, C TOWER, UDHNAUDYOGNAGAR SANGH COMMERCIAL COMPLEXCENTRAL ROAD N0, .10, UDHNA, SURAT, GUJARAT, 394210","VARSHA SARAF","BLOCK NO.901,6TH FLOOR, B TOWER, UDHNA UDYOGNAGAR SANGH COMMERCIAL COMPLEX, CENTRAL ROAD NO.10, UDHNA, SURAT, GUJARAT, 394210","","","","njpms.in/","","","91222613985965","Dec 22, 2015 - Perpetual","https://www.sebi.gov.in/sebiweb/other/OtherAction.do?doRecognisedFpi=yes&intmId=33"
"331","Registered Portfolio Managers","33","14","NMR CAPITAL ADVISORS LLP","","INP000009108","compliance@nmrcapitaladvisors.com","0918452823674","0918452823674","1302, A Wing, Levels, Rani Sati Marg, Kathiyawadi Chowk, Khot Dongri, MUMBAI, MAHARASHTRA, 400097","Dev Vora","Unit no. 1114,11 floor Kosha Kommercial Komplex, Podar Road Malad East, MUMBAI, MAHARASHTRA, 400097","","","","","","compliance@nmrcapitaladvisors.com","0918452823674","Nov 27, 2024 - Perpetual","https://www.sebi.gov.in/sebiweb/other/OtherAction.do?doRecognisedFpi=yes&intmId=33"
"332","Registered Portfolio Managers","33","14","NNM Securities Private Limited","","INP000007100","piyushnnm@gmail.com","9102240790011","9102240790011","1111, Stock Exchange Tower, 11th Floor,, Dalal Street, Fort, MUMBAI, MAHARASHTRA, 400023","Piyush Dwivedi","B-6/7, 2nd Floor, Shri Siddhivinayak Plaza, B-31, Oshiwara, Off Link Road, Andheri-West, MUMBAI, MAHARASHTRA, 400053","","","","nnmsecurities.com/","","piyushnnm@gmail.com","9102240790011","Nov 25, 2020 - Perpetual","https://www.sebi.gov.in/sebiweb/other/OtherAction.do?doRecognisedFpi=yes&intmId=33"
"333","Registered Portfolio Managers","33","14","Northern Arc Investment Managers Private Limited","","INP200007265","Dhiraj.Gupta@NorthernArc.com","9102266687500","9102266687500","IITM Research Park, Phase I, 10th Floor, 1, Kanagam Village, Behind Tidel Park, Taramani, CHENNAI, TAMIL NADU, 600113","Dhiraj Gupta","604 & 605, 6th Floor, Wing A Inspire BKC, G Block, Patthar Nagar Bandra Kurla Complex Bandra East, MUMBAI, MAHARASHTRA, 400051","","","","","","Dhiraj.Gupta@NorthernArc.com","9102266687500","Aug 27, 2021 - Perpetual","https://www.sebi.gov.in/sebiweb/other/OtherAction.do?doRecognisedFpi=yes&intmId=33"
"334","Registered Portfolio Managers","33","14","Novumlake Partners Private Limited","","INP000009843","info@novumlake.com","0919820745453","","Plot no 30, 4302, 43rd floor, Aqua tower, , Planet Godrej. , Nr Jacob Circle, , Mahalaxmi, Mumbai, MUMBAI, MAHARASHTRA, 400011","Celestina Mascarenhas","AWFIS, 8th floor, Tower1, One international centre, , Senapati Bapat Marg, Dadar West, MUMBAI, MAHARASHTRA, 400013","","","","https://novumlake.com/","","info@novumlake.com","0919820745453","Feb 16, 2026 - Perpetual","https://www.sebi.gov.in/sebiweb/other/OtherAction.do?doRecognisedFpi=yes&intmId=33"
"335","Registered Portfolio Managers","33","14","Nuvama and Cushman & Wakefield Management Private Limited","","INP000009737","Nishad.Manjrekar@nuvama.com","9102266203030","9102266203030","801, 804, Wing A, Building No. 3, Inspire BKC, G Block, Bandra Kurla Complex, Bandra East, Mumbai, MUMBAI, MAHARASHTRA, 400051","Nishad Manjrekar","801, 804, Wing A, Building No. 3, Inspire BKC, G Block, Bandra Kurla Complex, Bandra East, Mumbai, MUMBAI, MAHARASHTRA, 400051","","","","www.ncwam.com","","Nishad.Manjrekar@nuvama.com","9102266203030","Dec 01, 2025 - Perpetual","https://www.sebi.gov.in/sebiweb/other/OtherAction.do?doRecognisedFpi=yes&intmId=33"
"336","Registered Portfolio Managers","33","14","NUVAMA ASSET MANAGEMENT LIMITED","","INP000007207","NAML.compliance@nuvama.com","91222240094400","91222240094400","801- 804, Wing A, Building No. 3, Inspire BKC, G Block, Bandra Kurla Complex,, MUMBAI, MAHARASHTRA, 400051","Pinky Dutta","801- 804, Wing A, Building No. 3, Inspire BKC, G Block, Bandra Kurla Complex, MUMBAI, MAHARASHTRA, 400051","","","","","","NAML.compliance@nuvama.com","91222240094400","May 04, 2021 - Perpetual","https://www.sebi.gov.in/sebiweb/other/OtherAction.do?doRecognisedFpi=yes&intmId=33"
"337","Registered Portfolio Managers","33","14","NV Alpha Fund Management LLP","","INP000008400","nirali@nvafm.com","02236345168572","02236345168572","1st Floor, South Side D Block, Shivsagar Estate, , Dr. Annie Besant Road, Worli, MUMBAI, MAHARASHTRA, 400018","Nirali Babaria","1st Floor, South Side D Block, Shivsagar Estate, , Dr. Annie Besant Road, Worli, MUMBAI, MAHARASHTRA, 400018","","","","","","nirali@nvafm.com","02236345168572","Dec 13, 2023 - Perpetual","https://www.sebi.gov.in/sebiweb/other/OtherAction.do?doRecognisedFpi=yes&intmId=33"
"338","Registered Portfolio Managers","33","14","OAKLANE CAPITAL MANAGEMENT LLP","","INP000006624","swapnil.walimbe@oaklanecapital.com","09102041214014","09102041214014","104, 1st Floor, Panchsheel, P.M. Shukla Marg, Plot No. 53, C Road, Churchgate, MUMBAI, MAHARASHTRA, 400020","Swapnil Walimbe","801, ONYX TOWERS, NORTH MAIN ROAD KOREGAON PARK, PUNE., PUNE, MAHARASHTRA, 411001","","","","","","swapnil.walimbe@oaklanecapital.com","09102041214014","Apr 05, 2019 - Perpetual","https://www.sebi.gov.in/sebiweb/other/OtherAction.do?doRecognisedFpi=yes&intmId=33"
"339","Registered Portfolio Managers","33","14","Oaks Asset Management Private Limited","","INP000004888","","29666869","29666869","56, MAKER CHAMBER VI, NARIMAN POINT, MUMBAI, MAHARASHTRA, 400021","SANDEEP SOMANI","8, FLOOR-3,PLOT-6, 2 BRADY HOUSE,SORAB BARUCHA ROAD, MUMBAI, MAHARASHTRA, 400005","","","","oaksamc.com/","","","29666869","Oct 06, 2015 - Perpetual","https://www.sebi.gov.in/sebiweb/other/OtherAction.do?doRecognisedFpi=yes&intmId=33"
"340","Registered Portfolio Managers","33","14","OHM PORTFOLIO EQUI RESEARCH PVT LTD.","","INP000001389","","","","155 C MITTAL TOWERS, NARIMAN POINT, MUMBAI, MAHARASHTRA, 400021","","151/152 C MITTAL TOWERS, NARIMAN POINT, MUMBAI, MAHARASHTRA, 400021","","","","ohmgrp.com/","","","","Oct 16, 2014 - Perpetual","https://www.sebi.gov.in/sebiweb/other/OtherAction.do?doRecognisedFpi=yes&intmId=33"
"341","Registered Portfolio Managers","33","14","OLD BRIDGE CAPITAL MANAGEMENT PVT. LTD.","","INP000005174","","","","","","","","","","","","","","Jun 22, 2016 - Perpetual","https://www.sebi.gov.in/sebiweb/other/OtherAction.do?doRecognisedFpi=yes&intmId=33"
"342","Registered Portfolio Managers","33","14","Omniscience Capital Advisors Private Limited","","INP000009597","chanchal.manglunia@omnisciencecapital.com","0000000000000","0000000000000","Awfis, 1st Floor, B Wing, Parinee Crescenzo,, G Block Bandra Kurla Complex Ground Bandra East Mumbai, MUMBAI, MAHARASHTRA, 400051","Chanchal Manglunia","Awfis, 1st Floor, B Wing, Parinee Crescenzo, G Block Bandra Kurla Complex Ground Bandra East Mumbai, MUMBAI, MAHARASHTRA, 400051","","","","","","chanchal.manglunia@omnisciencecapital.com","0000000000000","Aug 18, 2025 - Perpetual","https://www.sebi.gov.in/sebiweb/other/OtherAction.do?doRecognisedFpi=yes&intmId=33"
"343","Registered Portfolio Managers","33","14","Orios Advisors LLP","","INP000007508","gaurav@oriosvp.com","9102261576868","","Dextrus A802 Crescenzo C3839 G Bandra Kurla Complex Bandra East, MUMBAI, MAHARASHTRA, 400051","Alok Jain","Dextrus A802 Crescenzo C3839 G Bandra Kurla Complex Bandra East, MUMBAI, MAHARASHTRA, 400051","","","","","","gaurav@oriosvp.com","9102261576868","Jul 30, 2024 - Perpetual","https://www.sebi.gov.in/sebiweb/other/OtherAction.do?doRecognisedFpi=yes&intmId=33"
"344","Registered Portfolio Managers","33","14","P.C.S SECURITIES LIMITED","","INP000002338","","","","6-3-1090/B/1 AND 2 MAYANK TOWERS 5TH FLOOR, RAJBHAVAN ROAD SOMAJIGUDA, HYDERABAD, TELANGANA, 500027","","3-1-336, Esamia Bazar, HYDERABAD, ANDHRA PRADESH, 500027","","","","","","","","Sep 11, 2016 - Perpetual","https://www.sebi.gov.in/sebiweb/other/OtherAction.do?doRecognisedFpi=yes&intmId=33"
"345","Registered Portfolio Managers","33","14","PACE FINANCIAL INVESTMENT ADVISER PRIVATE LIMITED","","INP000006998","compliance@pace360.in","9101147421001","","A 1 291 GF SAFDARJUNG DEVELP AREA, NEW DELHI, DELHI, NATIONAL CAPITAL TERRITORY OF DELHI, 110029","Shahnawaz Hussain","A 1 291 GF SAFDARJUNG DEVELP AREA, NEW DELHI, DELHI, NATIONAL CAPITAL TERRITORY OF DELHI, 110029","","","","pace360.in/","","compliance@pace360.in","9101147421001","Jul 03, 2020 - Perpetual","https://www.sebi.gov.in/sebiweb/other/OtherAction.do?doRecognisedFpi=yes&intmId=33"
"346","Registered Portfolio Managers","33","14","PARAG PARIKH FINANCIAL ADVISORY SERVICES LIMITED","","INP000000241","","","","","","","","","","","","","","Nov 01, 2016 - Perpetual","https://www.sebi.gov.in/sebiweb/other/OtherAction.do?doRecognisedFpi=yes&intmId=33"
"347","Registered Portfolio Managers","33","14","Param Ventures LLP","","INP000009630","shailesh@singularityamc.in","91009820094118","","A1404, 14th Floor, Naman Midtown, Senapati Bapat Rd, Next to Indiabulls Finance Centre, Elphinstone, MUMBAI, MAHARASHTRA, 400013","Dhara Thakkar","A1404, 14th Floor, Naman Midtown, Senapati Bapat Rd, Next to Indiabulls Finance Centre, Elphinstone, MUMBAI, MAHARASHTRA, 400013","","","","Will be launched post license","","shailesh@singularityamc.in","91009820094118","Sep 09, 2025 - Perpetual","https://www.sebi.gov.in/sebiweb/other/OtherAction.do?doRecognisedFpi=yes&intmId=33"
"348","Registered Portfolio Managers","33","14","PATERSON SECURITIES PRIVATE LTD","","INP000005422","","","","No :3 Bhavani mansion , IV lane Nugambakkam high road, CHENNAI, TAMIL NADU, 600034","","","","","","paterson.co.in","","","","May 04, 2017 - Perpetual","https://www.sebi.gov.in/sebiweb/other/OtherAction.do?doRecognisedFpi=yes&intmId=33"
"349","Registered Portfolio Managers","33","14","PAVESTONE ADVISORS AND CONSULTANTS LLP","","INP000008631","saimanoharca@gmail.com","0919000005511","0919000005511","804 Sy No 50 and 51 Pegasus Meenakshi Sky Lounge, Khanamet Village Serilingampally, HYDERABAD, TELANGANA, 500084","Sai Manohar Cheekoti","Block D 8th Floor i Labs Centre, Opposite Inorbit Mall, HYDERABAD, TELANGANA, 500081","","","","","","saimanoharca@gmail.com","0919000005511","Mar 18, 2024 - Perpetual","https://www.sebi.gov.in/sebiweb/other/OtherAction.do?doRecognisedFpi=yes&intmId=33"
"350","Registered Portfolio Managers","33","14","PCS SECURITIES & CONSULTANTS LLP","","INP000009311","urajj@pcssecurities.co.in","09104067807701","","6 3 1090 B 2 MAYANK TOWERS, RAJBHAVAN ROAD SOMAJIGUDA, HYDERABAD, TELANGANA, 500082","YUVARAJ JUJARAY","6 3 1090 B 2 MAYANK TOWERS, RAJBHAVAN ROAD SOMAJIGUDA, HYDERABAD, TELANGANA, 500082","","","","","","urajj@pcssecurities.co.in","09104067807701","Mar 05, 2025 - Perpetual","https://www.sebi.gov.in/sebiweb/other/OtherAction.do?doRecognisedFpi=yes&intmId=33"
"351","Registered Portfolio Managers","33","15","Pelican Holdings Private Limited","","INP000006891","DEEPAK@PELICANPMS.COM","9104448570806","9104448570806","NO 18 TRINITY HOUSE 2ND FLOOR, 4TH STREET TIRUMURTHI NAGAR NUNGAMBAKKAM, CHENNAI, TAMIL NADU, 600034","DEEPAK RADHAKRISHNAN","NO 18 TRINITY HOUSE 2ND FLOOR, 4TH STREET TIRUMURTHI NAGAR NUNGAMBAKKAM, CHENNAI, TAMIL NADU, 600034","","","","pelicanpms.com/","","DEEPAK@PELICANPMS.COM","9104448570806","Oct 16, 2019 - Perpetual","https://www.sebi.gov.in/sebiweb/other/OtherAction.do?doRecognisedFpi=yes&intmId=33"
"352","Registered Portfolio Managers","33","15","PGIM India Asset Management Private Limited","","INP000006952","sandeep.kamath@pgimindia.com","9102261593000","","4th Floor, C Wing, Laxmi Towers, Bandra Kurla Complex, , Bandra East, MUMBAI, MAHARASHTRA, 400051","Sandeep Kamath","4th Floor, C Wing, Laxmi Towers, Bandra Kurla Complex, , Bandra East, MUMBAI, MAHARASHTRA, 400051","","","","","","sandeep.kamath@pgimindia.com","9102261593000","Dec 12, 2019 - Perpetual","https://www.sebi.gov.in/sebiweb/other/OtherAction.do?doRecognisedFpi=yes&intmId=33"
"353","Registered Portfolio Managers","33","15","Phi Capital Solutions LLP","","INP000009047","sp@phicapital.in","00919910111649","00919910111649","LG 1A Siddhartha Chambers Near IIT Gate Kalu Sarai Hauz Khas, NEW DELHI, NATIONAL CAPITAL TERRITORY OF DELHI, 110016","P Sivaram","C98 Basement Ground Floor Anand Niketan New Delhi, NEW DELHI, NATIONAL CAPITAL TERRITORY OF DELHI, 110021","","","","","","sp@phicapital.in","00919910111649","Oct 10, 2024 - Perpetual","https://www.sebi.gov.in/sebiweb/other/OtherAction.do?doRecognisedFpi=yes&intmId=33"
"354","Registered Portfolio Managers","33","15","PHILLIPCAPITAL (INDIA) PRIVATE LIMITED","","INP000004433","","23002999","23002999","2nd Floor, C Block, Modern Centre, Jacob Circle, 101 K K Marg, Mahalaxmi, MUMBAI, MAHARASHTRA, 400011","Sandeep Gupta","2nd Floor, C Block, Modern Centre, Jacob Circle, 101 K K Marg, Mahalaxmi, MUMBAI, MAHARASHTRA, 400011","","","","phillipcapital.in","","","23002999","Jan 29, 2016 - Perpetual","https://www.sebi.gov.in/sebiweb/other/OtherAction.do?doRecognisedFpi=yes&intmId=33"
"355","Registered Portfolio Managers","33","15","Pioneer Client Associates Private Limited","","INP100007231","rakeshkhanna@clientassociates.com","9112404995400","","2nd Floor, Block B, Vatika Towers, Golf Course Road,, Sector 54, GURGAON, HARYANA, 122002","Rakesh Khanna","2nd Floor, Block B, Vatika Towers, Golf Course Road, Sector 54, GURGAON, HARYANA, 122002","","","","clientassociates.com","","rakeshkhanna@clientassociates.com","9112404995400","Jun 29, 2021 - Perpetual","https://www.sebi.gov.in/sebiweb/other/OtherAction.do?doRecognisedFpi=yes&intmId=33"
"356","Registered Portfolio Managers","33","15","Pioneer Wealth Management Services Limited","","INP000005883","sajid_bijnori@yahoo.com","9102266186633","9102266186633","1218 Maker Chambers V, Nariman Point, MUMBAI, MAHARASHTRA, 400021","SAJID BIJNORI","1218 Maker Chambers V, Nariman Point, MUMBAI, MAHARASHTRA, 400021","","","","","","sajid_bijnori@yahoo.com","9102266186633","Dec 26, 2017 - Perpetual","https://www.sebi.gov.in/sebiweb/other/OtherAction.do?doRecognisedFpi=yes&intmId=33"
"357","Registered Portfolio Managers","33","15","Piper Serica Advisors Private Limited","","INP000006749","ajay@piperserica.com","9102266545370","9102266545370","A Wing 905 & 906, Marathon Innova Nextgen,, off. G.K. Marg, Opp Peninsula Corporate Park, Lower Parel,, MUMBAI, MAHARASHTRA, 400013","Ajaykumar Modi","222, 2nd Floor, TV Industrial Estate, , S.K.Ahire Marg, Worli, MUMBAI, MAHARASHTRA, 400030","","","","","","ajay@piperserica.com","9102266545370","May 08, 2019 - Perpetual","https://www.sebi.gov.in/sebiweb/other/OtherAction.do?doRecognisedFpi=yes&intmId=33"
"358","Registered Portfolio Managers","33","15","Piramal Fund Management Private Limited","","INP000004136","","02261513404","02261513404","Ground Floor Piramal Tower A , Peninsula Corporate Park, Lower Parel, MUMBAI, MAHARASHTRA, 400013","Sachin Deodhar","Ground Floor Piramal Tower A , Peninsula Corporate Park Lower Parel, MUMBAI, MAHARASHTRA, 400013","","","","","","","02261513404","Sep 15, 2014 - Perpetual","https://www.sebi.gov.in/sebiweb/other/OtherAction.do?doRecognisedFpi=yes&intmId=33"
"359","Registered Portfolio Managers","33","15","PL Asset Management Private Limited","","INP000009001","pmsdesk@plindia.com","9100226632222","","3rd Floor, Sadhana House, 570, PB Marg, MUMBAI, MAHARASHTRA, 400018","Akshay Seksaria","3rd floor, South Annex, Tower 2, One World Centre, Senapati Bapat Marg, Lower Parel, MUMBAI, MAHARASHTRA, 400013","","","","","","pmsdesk@plindia.com","9100226632222","Sep 16, 2024 - Perpetual","https://www.sebi.gov.in/sebiweb/other/OtherAction.do?doRecognisedFpi=yes&intmId=33"
"360","Registered Portfolio Managers","33","15","Playbook Fund Advisors LLP","","INP000009889","avil@playbook.in","910009702657962","910009702657962","042, Atlanta, Nariman Point, MUMBAI, MAHARASHTRA, 400021","Avil Vaz","042, Atlanta, Nariman Point, MUMBAI, MAHARASHTRA, 400021","","","","","","avil@playbook.in","910009702657962","Mar 16, 2026 - Perpetual","https://www.sebi.gov.in/sebiweb/other/OtherAction.do?doRecognisedFpi=yes&intmId=33"
"361","Registered Portfolio Managers","33","15","PLUSWEALTH CAPITAL MANAGEMENT LLP","","INP000009144","compliance@pluswealth.net","911201206294424","911201206294424","15TH FLOOR OFFICE NO 2 A2, Gift One Tower Block No 56 Road 5C Zone 5, GANDHINAGAR, GUJARAT, 382355","Ankur Kulshreshtha","Office No. 6A, Max Towers, Sector 16B, NOIDA, UTTAR PRADESH, 201301","","","","","","compliance@pluswealth.net","911201206294424","Jan 03, 2025 - Perpetual","https://www.sebi.gov.in/sebiweb/other/OtherAction.do?doRecognisedFpi=yes&intmId=33"
"362","Registered Portfolio Managers","33","15","Prabhudas Lilladher Private Limited","","INP000008279","snehalkathrani@plindia.com","9102266322420","9102266322420","3rd Floor, Sadhana House, 570, P.B. Marg, Behind Mahindra Towers, Worli, MUMBAI, MAHARASHTRA, 400018","Snehal Kathrani","3rd Floor, Sadhana House, 570, P.B. Marg, Behind Mahindra Towers, Worli, MUMBAI, MAHARASHTRA, 400018","","","","plindia.com/","","snehalkathrani@plindia.com","9102266322420","Sep 07, 2023 - Perpetual","https://www.sebi.gov.in/sebiweb/other/OtherAction.do?doRecognisedFpi=yes&intmId=33"
"363","Registered Portfolio Managers","33","15","Prajana Advisors Private Limited","","INP000009676","uddhavraj.yadav@prajana-alternatives.com","9102212345678","9102212345678","109 & 110, First Floor, Balarama Building, , Bandra Kurla Complex, Bandra East, Mumbai, Maharashtra, MUMBAI, MAHARASHTRA, 400051","Uddhavraj Yadav","801, Naman Centre, , Bandra Kurla Complex, Bandra East, Mumbai, Maharashtra, MUMBAI, MAHARASHTRA, 400051","","","","athenainvestments.in","","uddhavraj.yadav@prajana-alternatives.com","9102212345678","Oct 28, 2025 - Perpetual","https://www.sebi.gov.in/sebiweb/other/OtherAction.do?doRecognisedFpi=yes&intmId=33"
"364","Registered Portfolio Managers","33","15","Prescientcap Investment Advisors LLP","","INP100007286","sumit@prescientcap.com","9101248882371273","9101248882371273","Unit No. 227, Second Floor, DLF Star Tower, Sector 30, Silokara Road, GURGAON, HARYANA, 122001","Sumit Kumar","Unit No. 227, Second Floor, DLF Star Tower, Sector 30, Silokara Road, GURGAON, HARYANA, 122001","","","","prescientcap.com/","","sumit@prescientcap.com","9101248882371273","Oct 26, 2021 - Perpetual","https://www.sebi.gov.in/sebiweb/other/OtherAction.do?doRecognisedFpi=yes&intmId=33"
"365","Registered Portfolio Managers","33","15","PrimeInvestor Financial Research Private Limited","","INP000009658","bhavana@primeinvestor.in","9109952030734","","659, 1st Floor Flat no 1, Alakananda, 4th Avenue, D Sector, Anna Nagar Western Extn, CHENNAI, TAMIL NADU, 600101","Merwin Manoharan","3rd Floor, Old No 19, New No 31, Sudha Centre, 2nd Street, RK Salai, Mylapore, CHENNAI, TAMIL NADU, 600004","","","","","","bhavana@primeinvestor.in","9109952030734","Oct 10, 2025 - Perpetual","https://www.sebi.gov.in/sebiweb/other/OtherAction.do?doRecognisedFpi=yes&intmId=33"
"366","Registered Portfolio Managers","33","15","PRITHVI FINMART PRIVATE LIMITED","","INP000004441","","","","A1502 15th Floor, O2 commercial Premises, OPP Asha nagar , Block Sector Mulund West pin 400080, MUMBAI, MAHARASHTRA, 400080","","6 B Corpora, Near Shangrila Biscuit Company, LBS Marg, Bhandup (west), MUMBAI, MAHARASHTRA, 400078","","","","","","","","Mar 28, 2016 - Perpetual","https://www.sebi.gov.in/sebiweb/other/OtherAction.do?doRecognisedFpi=yes&intmId=33"
"367","Registered Portfolio Managers","33","15","PROFITGATE CAPITAL SERVICES LLP","","INP000008233","KALYANITAKADKHEDE@GMAIL.COM","00917972483190","00917972483190","HOUSE NO 345/95 AVG LAYOUT LAKADGANJ, CHAPRU NGR, NAGPUR, MAHARASHTRA, 440008","Kalyani Takarkhede","2ND FLOOR SARDA TRANSPORT BUILDING, CENTRAL AVENUE BAGADGANJ, NAGPUR, MAHARASHTRA, 440008","","","","profitgate.in","","KALYANITAKADKHEDE@GMAIL.COM","00917972483190","Aug 17, 2023 - Perpetual","https://www.sebi.gov.in/sebiweb/other/OtherAction.do?doRecognisedFpi=yes&intmId=33"
"368","Registered Portfolio Managers","33","15","Profound Ventures Private Limited","","INP000009870","kaushik@kredere.com","000009820091732","","906 Flr 9 Raheja Chambers, Free Press Journal Marg, Nariman Point, MUMBAI, MAHARASHTRA, 400021","Abhishek Patil","906 Flr 9 Raheja Chambers, Free Press Journal Marg, Nariman Point, MUMBAI, MAHARASHTRA, 400021","","","","","","kaushik@kredere.com","000009820091732","Mar 05, 2026 - Perpetual","https://www.sebi.gov.in/sebiweb/other/OtherAction.do?doRecognisedFpi=yes&intmId=33"
"369","Registered Portfolio Managers","33","15","Profusion Investment Advisors LLP","","INP000007173","archana.gaglani@profusioncapital.com","910008424006020","910008424006020","306 Raheja Centre, Plot 0214, Free Press Journal Marg, Nariman Point, MUMBAI, MAHARASHTRA, 400021","Archana Gaglani","302 Moti Villa, Azad Road, Ville Parle East, MUMBAI, MAHARASHTRA, 400057","","","","profusioninvestmentadvisors.in/","","archana.gaglani@profusioncapital.com","910008424006020","Mar 01, 2021 - Perpetual","https://www.sebi.gov.in/sebiweb/other/OtherAction.do?doRecognisedFpi=yes&intmId=33"
"370","Registered Portfolio Managers","33","15","Progressive Share Brokers Private Limited","","INP000008817","pms@progressiveshares.com","00002240777500","","122, 123,124, 1st Floor, Laxmi Plaza, Laxmi Industrial Estate, New Link Road, Andheri West, MUMBAI, MAHARASHTRA, 400053","Neha Oza","122, 123,124, 1st Floor, Laxmi Plaza, Laxmi Industrial Estate, New Link Road, Andheri West, MUMBAI, MAHARASHTRA, 400053","","","","","","pms@progressiveshares.com","00002240777500","Jul 15, 2024 - Perpetual","https://www.sebi.gov.in/sebiweb/other/OtherAction.do?doRecognisedFpi=yes&intmId=33"
"371","Registered Portfolio Managers","33","15","Prosperity Wealth Management Private Limited","","INP000007049","Compliance@pwm-india.com","9104448576102","9104448576102","14 Dr.SVKS Thangaraj Road, Vinayagar Nagar, MADURAI, TAMIL NADU, 625020","BHAGABATA NAYAK","No.1 Level 1, Balaji First Avenue, T.Nagar, CHENNAI, TAMIL NADU, 600017","","","","","","Compliance@pwm-india.com","9104448576102","Sep 10, 2020 - Perpetual","https://www.sebi.gov.in/sebiweb/other/OtherAction.do?doRecognisedFpi=yes&intmId=33"
"372","Registered Portfolio Managers","33","15","Prospero Tree Asset Management LLP","","INP000008677","compliance@prosperotree.com","0919372777607","","104, Midas Tower, Bhau daji Road Extn , Sion West, MUMBAI, MAHARASHTRA, 400022","Nikita Parmar","104, Midas Tower, Bhau daji Road Extn , Sion West, MUMBAI, MAHARASHTRA, 400022","","","","","","compliance@prosperotree.com","0919372777607","Apr 10, 2024 - Perpetual","https://www.sebi.gov.in/sebiweb/other/OtherAction.do?doRecognisedFpi=yes&intmId=33"
"373","Registered Portfolio Managers","33","15","PRP Edge Wealth Private Limited","","INP000007960","compliance@alphaamoney.com","9101244249000","9101244249000","507, 5th Floor, Eros City Square, Rosewood City, Sector 49 & 50, GURUGRAM, HARYANA, 122018","Sankalp Nayak","507, 5th Floor, Eros City Square, Rosewood City, Sector 49 & 50, GURUGRAM, HARYANA, 122018","","","","","","compliance@alphaamoney.com","9101244249000","Mar 27, 2023 - Perpetual","https://www.sebi.gov.in/sebiweb/other/OtherAction.do?doRecognisedFpi=yes&intmId=33"
"374","Registered Portfolio Managers","33","15","Prudent Equity Private Limited","","INP000008686","akash@prudentequity.com","022919450732023","022919450732023","Office no 210 2nd Floor S S Plaza, Sector 47 Gurgaon Haryana, GURUGRAM, HARYANA, 122002","Akash Singh","Office no 210 2nd Floor S S Plaza, Sector 47 Gurgaon Haryana, GURUGRAM, HARYANA, 122002","","","","www.prudentequity.com","","akash@prudentequity.com","022919450732023","Apr 22, 2024 - Perpetual","https://www.sebi.gov.in/sebiweb/other/OtherAction.do?doRecognisedFpi=yes&intmId=33"
"375","Registered Portfolio Managers","33","15","PRUDENT INVESTMENT MANAGERS LLP","","INP000007298","kajal.seth@prudentim.com","91229920696768","91229920696768","B/903, Building No B Wing-2, Shabari Aashiana , CTS No. 42/4, Deonar Farm Road Doenar Near Reserve Bank, MUMBAI, MAHARASHTRA, 400088","KAJAL SETH","Parinee Crescenzo, First Floor B Wing, G Block, BKC, Bandra East, MUMBAI, MAHARASHTRA, 400051","","","","prudentim.com","","kajal.seth@prudentim.com","91229920696768","Nov 16, 2021 - Perpetual","https://www.sebi.gov.in/sebiweb/other/OtherAction.do?doRecognisedFpi=yes&intmId=33"
"376","Registered Portfolio Managers","33","16","Purnartha Investment Advisers Pvt.Ltd.","","INP000007021","amol.d@purnartha.com","9102049127100","","Rachna Bungalow Dr Kelkar Road, Off Karve Road Erandwane, PUNE, MAHARASHTRA, 411004","AMOL DEO","Rachna Bungalow Dr Kelkar Road, Off Karve Road Erandwane, PUNE, MAHARASHTRA, 411004","","","","purnartha.com/Purnartha/home.aspx","","amol.d@purnartha.com","9102049127100","Jul 23, 2020 - Perpetual","https://www.sebi.gov.in/sebiweb/other/OtherAction.do?doRecognisedFpi=yes&intmId=33"
"377","Registered Portfolio Managers","33","16","Purva Asset Management Private Limited","","INP000009366","shailesh.v@puravankara.com","91009821575285","91009821575285","1302, Halasuru Road Sivan Chetty Gardens Bangalore, BANGALORE, KARNATAKA, 560042","Shailesh Viswanathan","1302, Halasuru Road Sivan Chetty Gardens Bangalore, BANGALORE, KARNATAKA, 560042","","","","","","shailesh.v@puravankara.com","91009821575285","Mar 27, 2025 - Perpetual","https://www.sebi.gov.in/sebiweb/other/OtherAction.do?doRecognisedFpi=yes&intmId=33"
"378","Registered Portfolio Managers","33","16","QED CAPITAL ADVISORS LLP","","INP000005075","","24228497","24228497","104, RAJAN HOUSE, APPASAHEB MARATHE MARG, Prabhadevi, MUMBAI, MAHARASHTRA, 400025","Benny Gupta","23, Mamta D, Appasaheb Marathe Marg, Prabhadevi, MUMBAI, MAHARASHTRA, 400025","","","","","","","24228497","Apr 13, 2016 - Perpetual","https://www.sebi.gov.in/sebiweb/other/OtherAction.do?doRecognisedFpi=yes&intmId=33"
"379","Registered Portfolio Managers","33","16","QICAP MANAGEMENT LLP","","INP000009621","pms@qi-cap.com","91000000000000","","Block-51 (301A-301B),WTCROAD 5E ZONE 5, GIFTCITY,Dabhoda, Gandhinagar, GANDHINAGAR, GUJARAT, 382355","Sandeep Ahuja","Block-51 (301A-301B),WTCROAD 5E ZONE 5, GIFTCITY,Dabhoda, Gandhinagar, GANDHINAGAR, GUJARAT, 382355","","","","","","pms@qi-cap.com","91000000000000","Sep 01, 2025 - Perpetual","https://www.sebi.gov.in/sebiweb/other/OtherAction.do?doRecognisedFpi=yes&intmId=33"
"380","Registered Portfolio Managers","33","16","QODE ADVISORS LLP","","INP000008914","compliance@qodeinvest.com","00919820300088","00919820300088","203, Floor 2, Plot 36, Hamam House,, Ambalal Doshi Marg, Bombay Stock Exchange, Fort, Stock Exchange, Colaba Police Station, MUMBAI, MAHARASHTRA, 400001","Komal Trivedi","Block No 28 2nd Floor Tree Building Raghuvanshi Mills , Lower Parel, MUMBAI, MAHARASHTRA, 400013","","","","","","compliance@qodeinvest.com","00919820300088","Aug 29, 2024 - Perpetual","https://www.sebi.gov.in/sebiweb/other/OtherAction.do?doRecognisedFpi=yes&intmId=33"
"381","Registered Portfolio Managers","33","16","QRC Investment Advisors LLP","","INP000005892","finance@qrcia.in","9102235747678","9102235747678","4 Floor 1 ST 9 Capri Manav Mandir Road , Teen Batti Malabar Hill, MUMBAI, MAHARASHTRA, 400006","Aparna Iyer","QRC Investment Advisors LLP Office 6 Engineers Premises, 9395 Mumbai Samachar Marg Kala Ghoda Fort, MUMBAI, MAHARASHTRA, 400001","","","","","","finance@qrcia.in","9102235747678","Feb 27, 2024 - Perpetual","https://www.sebi.gov.in/sebiweb/other/OtherAction.do?doRecognisedFpi=yes&intmId=33"
"382","Registered Portfolio Managers","33","16","QUANT PORTFOLIO MANAGERS PRIVATE LIMITED","","INP000005042","","02240880100","02240880100","6th Floor, Sea Breeze Building, Appasaheb Marathe Marg, Prabhadevi, MUMBAI, MAHARASHTRA, 400025","Rashmikant Talati","612-617, 6th Floor, Maker Chambers IV, Nariman Point Mumbai, MUMBAI, MAHARASHTRA, 400021","","","","http://quant.in/","","","02240880100","Mar 29, 2016 - Perpetual","https://www.sebi.gov.in/sebiweb/other/OtherAction.do?doRecognisedFpi=yes&intmId=33"
"383","Registered Portfolio Managers","33","16","QUANTUM ADVISORS PVT.LTD.","","INP000000187","Ketav@QASL.com","9102261447900","912222854318","1st Floor, Apeejay House, 3 Dinshaw Vachha Road, Backbay Reclamation, Churchgate, MUMBAI, MAHARASHTRA, 400020","Ketav Chaphekar","1st Floor, Apeejay House, 3 Dinshaw Vachha Road, Backbay Reclamation, Churchgate, MUMBAI, MAHARASHTRA, 400020","","","","www.qasl.com","","Ketav@QASL.com","9102261447900","Feb 15, 2015 - Perpetual","https://www.sebi.gov.in/sebiweb/other/OtherAction.do?doRecognisedFpi=yes&intmId=33"
"384","Registered Portfolio Managers","33","16","QUEST INVESTMENT ADVISORS PVT. LTD.","","INP000001421","","","","","","","","","","","","","","Oct 16, 2014 - Perpetual","https://www.sebi.gov.in/sebiweb/other/OtherAction.do?doRecognisedFpi=yes&intmId=33"
"385","Registered Portfolio Managers","33","16","QUEST INVESTMENT MANAGERS PVT LTD","","INP000009551","hiten@questinvest.com","9102269166703","9102269166703","Plot188 Gurukrupa Sion Road 25B, Gujarat Society Sion, MUMBAI, MAHARASHTRA, 400022","Hiten Sampat","Plot188 Gurukrupa Sion Road 25B, Gujarat Society Sion, MUMBAI, MAHARASHTRA, 400022","","","","","","hiten@questinvest.com","9102269166703","Jul 21, 2025 - Perpetual","https://www.sebi.gov.in/sebiweb/other/OtherAction.do?doRecognisedFpi=yes&intmId=33"
"386","Registered Portfolio Managers","33","16","Quest4Value Investment Managers LLP","","INP000009472","aifcompliancepe@valuequest.in","910009820321143","","1073, Quest, Rajabhau Desai Marg, Behind Beau Monde Towers, Prabhadevi, MUMBAI, MAHARASHTRA, 400025","Tushnaz Patel","1073, Quest, Rajabhau Desai Marg, Behind Beau Monde Towers, Prabhadevi, MUMBAI, MAHARASHTRA, 400025","","","","","","aifcompliancepe@valuequest.in","910009820321143","Jun 05, 2025 - Perpetual","https://www.sebi.gov.in/sebiweb/other/OtherAction.do?doRecognisedFpi=yes&intmId=33"
"387","Registered Portfolio Managers","33","16","R. WADIWALA SECURITIES PRIVATE LIMITED","","INP000004045","","","","9/2003-4, VISHNUPRIYA,, LIMDA CHOWK, MAIN ROAD., SURAT, GUJARAT, 395003","","9/2003-4, VISHNUPRIYA, LIMDA CHOWK, MAIN ROAD, SURAT, GUJARAT, 395003","","","","rwsec.com/","","","","Mar 31, 2017 - Perpetual","https://www.sebi.gov.in/sebiweb/other/OtherAction.do?doRecognisedFpi=yes&intmId=33"
"388","Registered Portfolio Managers","33","16","RBSA Investment Manager LLP","","INP000008048","compliance@rbsainvest.in","09107940506037","09107940506037","9th, 912, Venus Atlantis Corporate Park, , Anandnagar Main Road, Prahlad Nagar,, AHMEDABAD, GUJARAT, 380015","Sweety Solanki","9th, 912, Venus Atlantis Corporate Park, , Anandnagar Main Road, Prahlad Nagar, AHMEDABAD, GUJARAT, 380015","","","","rbsainvest.in/","","compliance@rbsainvest.in","09107940506037","Apr 26, 2023 - Perpetual","https://www.sebi.gov.in/sebiweb/other/OtherAction.do?doRecognisedFpi=yes&intmId=33"
"389","Registered Portfolio Managers","33","16","RELIANCE WEALTH MANAGEMENT LIMITED","","INP000002353","","022 3320 1212","022 3320 1212","Reliance Centre, 4th floor, North Wing,, Off. Western Express Highway, Santacruz (East), MUMBAI, MAHARASHTRA, 400055","Chinmoy Das","11th Floor, R Tech IT Park, Western Express Highway, Goregaon (E), MUMBAI, MAHARASHTRA, 400063","","","","","","","022 3320 1212","Oct 16, 2016 - Perpetual","https://www.sebi.gov.in/sebiweb/other/OtherAction.do?doRecognisedFpi=yes&intmId=33"
"390","Registered Portfolio Managers","33","16","RENAISSANCE INVESTMENT MANAGERS PRIVATE LIMITED","","INP000005455","compliance@renaissanceinvest.in","9102249711561","","Office No. 710, 7th Floor, C Wing, Mittal Commercia Premises CHS Ltd, Off. M.V. Road. Near Mittal Estate, Marol, Andheri East, MUMBAI, MAHARASHTRA, 400059","Meghana Kashte","C 710,7th Floor, Mittal Commercia Premises CHS Ltd , Off. M.V. Road, Near Mittal Estate, Andheri, MUMBAI, MAHARASHTRA, 400059","","","","renaissanceinvest.in/","","compliance@renaissanceinvest.in","9102249711561","May 30, 2017 - Perpetual","https://www.sebi.gov.in/sebiweb/other/OtherAction.do?doRecognisedFpi=yes&intmId=33"
"391","Registered Portfolio Managers","33","16","REVELATION PORTFOLIO MANAGEMENT PVT. LTD.","","INP000004003","","02222840094","02222840094","60, WARDEN COURT,, 79/81, AUGUST KRANTI MARG,, MUMBAI, MAHARASHTRA, 400036","MANISH B. SHAH","302, DALAMAL TOWER, 211, FREE PRESS JOURNAL MARG, NARIMAN POINT, MUMBAI, MAHARASHTRA, 400021","","","","rpmpl.in/","","","02222840094","Mar 23, 2017 - Perpetual","https://www.sebi.gov.in/sebiweb/other/OtherAction.do?doRecognisedFpi=yes&intmId=33"
"392","Registered Portfolio Managers","33","16","RIGHT HORIZONS PORTFOLIO MANAGEMENT PRIVATE LIMITED","","INP000004359","skg@righthorizons.com","910808050593005","910808050593005","No 6 2nd Main Road Aerekere, Bannerghatta Road, BANGALORE, KARNATAKA, 560076","Sandeep Goyal","No 6 2nd Main Road Arekere, Bannerghatta Road, BANGALORE, KARNATAKA, 560076","","","","www.righthorizonspms.com","","skg@righthorizons.com","910808050593005","Aug 06, 2015 - Perpetual","https://www.sebi.gov.in/sebiweb/other/OtherAction.do?doRecognisedFpi=yes&intmId=33"
"393","Registered Portfolio Managers","33","16","ROHA ASSET MANAGERS LLP","","INP000007030","ronak.mehta@rohaassetmanagers.com","9102249767774","9102249767774","JJT HOUSE A 44/45 ROAD NO 2 MIDC, ANDHERI EAST MUMBAI, MUMBAI, MAHARASHTRA, 400093","RONAK MEHTA","JJT HOUSE A 44/45 ROAD NO 2 MIDC, ANDHERI EAST MUMBAI, MUMBAI, MAHARASHTRA, 400093","","","","","","ronak.mehta@rohaassetmanagers.com","9102249767774","Jul 29, 2020 - Perpetual","https://www.sebi.gov.in/sebiweb/other/OtherAction.do?doRecognisedFpi=yes&intmId=33"
"394","Registered Portfolio Managers","33","16","RP-SG Ventures Advisory LLP","","INP000007456","abhishek@rpsgcapital.vc","9101243541131","9101243541131","2nd Floor, Spencer Building, 30 Forjett Street, Grant Road, MUMBAI, MAHARASHTRA, 400036","Abhishek Goenka","2nd Floor, Tower A, Infinity Tower, DLF Cybercity, GURGAON, HARYANA, 122002","","","","","","abhishek@rpsgcapital.vc","9101243541131","Jul 21, 2022 - Perpetual","https://www.sebi.gov.in/sebiweb/other/OtherAction.do?doRecognisedFpi=yes&intmId=33"
"395","Registered Portfolio Managers","33","16","Saamya Advisors LLP","","INP000010034","cs@saamya-advisors.in","91229821469649","91229821469649","Unit 204-C, Wing B, Sumit Samarth Arcade, Aarey Road,, Goregaon West, MUMBAI, MAHARASHTRA, 400104","Ruchi Begrajka","Unit 204-C, Wing B, Sumit Samarth Arcade, Aarey Road, Goregaon West, MUMBAI, MAHARASHTRA, 400104","","","","saamya-advisors.in","","cs@saamya-advisors.in","91229821469649","May 11, 2026 - Perpetual","https://www.sebi.gov.in/sebiweb/other/OtherAction.do?doRecognisedFpi=yes&intmId=33"
"396","Registered Portfolio Managers","33","16","Sageone Investment Managers LLP","","INP000006943","ab@sageoneinvestments.com","9102029970077","9102029970077","Bunglow 56, Cloud 9,, NIBM Road, Kondhwa,, PUNE, MAHARASHTRA, 411048","Anurag Bende","Bunglow 56, Cloud 9, NIBM Road, Kondhwa, PUNE, MAHARASHTRA, 411048","","","","sageoneinvestments.com/","","ab@sageoneinvestments.com","9102029970077","Nov 22, 2019 - Perpetual","https://www.sebi.gov.in/sebiweb/other/OtherAction.do?doRecognisedFpi=yes&intmId=33"
"397","Registered Portfolio Managers","33","16","Sahasrar Capital Private Limited","","INP000007386","Mayur@sahasrarcapital.com","9109850110448","9109850110448","Office no 205, Ten Square, Next to Mount Caramel School, Bibwewadi Kondhwa Road Pune City, PUNE, MAHARASHTRA, 411040","Mayur Patwa","Office no 205, Ten Square, Next to Mount Caramel School, Bibwewadi Kondhwa Road Pune City, PUNE, MAHARASHTRA, 411040","","","","sahasrarcapital.com/","","Mayur@sahasrarcapital.com","9109850110448","Mar 29, 2022 - Perpetual","https://www.sebi.gov.in/sebiweb/other/OtherAction.do?doRecognisedFpi=yes&intmId=33"
"398","Registered Portfolio Managers","33","16","Samara Alternate Investment Management LLP","","INP000009454","vikram@samaracapital.com","910222261696615","910222261696615","Level 18, Birla Aurora,, Dr. Annie Besant Road, Worli, MUMBAI, MAHARASHTRA, 400030","Vikram Agarwal","Level 18, Birla Aurora, Dr. Annie Besant Road, Worli, MUMBAI, MAHARASHTRA, 400030","","","","","","vikram@samaracapital.com","910222261696615","May 14, 2025 - Perpetual","https://www.sebi.gov.in/sebiweb/other/OtherAction.do?doRecognisedFpi=yes&intmId=33"
"399","Registered Portfolio Managers","33","16","Samatva Investment Advisers LLP","","INP000009348","compliance@samatvainvestments.in","00919490584540","00919490584540","Plot No. 26, H. No. 8 2 603 1 26, 1st Floor,,Krishnapuram, Road No. 10, Banjara Hills, HYDERABAD, TELANGANA, 500034","Nallu Sidharatha","Plot No. 26, H. No. 8 2 603 1 26, 1st Floor,Krishnapuram, Road No. 10, Banjara Hills, HYDERABAD, TELANGANA, 500034","","","","","","compliance@samatvainvestments.in","00919490584540","Mar 25, 2025 - Perpetual","https://www.sebi.gov.in/sebiweb/other/OtherAction.do?doRecognisedFpi=yes&intmId=33"
"400","Registered Portfolio Managers","33","16","SAMEEKSHA CAPITAL PRIVATE LIMITED","","INP000004995","compliance@sameeksha.capital","09107935334199","09107935334199","SOUTH TOWER 1202 ONE42 BEHIND ASHOK VATIKA, NEAR JAYANTILAL PARK BRTS AMBLI BOPAL ROAD, AHMEDABAD, GUJARAT, 380058","Shwetna Jain","SOUTH TOWER 1202 ONE42 BEHIND ASHOK VATIKA, NEAR JAYANTILAL PARK BRTS AMBLI BOPAL ROAD, AHMEDABAD, GUJARAT, 380058","","","","","","compliance@sameeksha.capital","09107935334199","Jan 22, 2016 - Perpetual","https://www.sebi.gov.in/sebiweb/other/OtherAction.do?doRecognisedFpi=yes&intmId=33"
"401","Registered Portfolio Managers","33","17","Sammaan Asset Management Limited","","INP100007709","","","","","","","","","","","","","","Dec 22, 2022 - Perpetual","https://www.sebi.gov.in/sebiweb/other/OtherAction.do?doRecognisedFpi=yes&intmId=33"
"402","Registered Portfolio Managers","33","17","SAMVITTI CAPITAL PRIVATE LIMITED","","INP000004847","nbhat@samvitticapital.com","9108242983541","9108242983541","KALASHA NIVASA D NO 16 BY 100 2, HARIHARA NAGARA KARNAD, MANGALORE, KARNATAKA, 574154","Nithesh Bhat","KALASHA NIVASA D NO 16 BY 100 2, HARIHARA NAGARA KARNAD, MANGALORE, KARNATAKA, 574154","","","","","","nbhat@samvitticapital.com","9108242983541","Sep 24, 2015 - Perpetual","https://www.sebi.gov.in/sebiweb/other/OtherAction.do?doRecognisedFpi=yes&intmId=33"
"403","Registered Portfolio Managers","33","17","SANCTUM WEALTH PRIVATE LIMITED","","INP000005067","","","","1401, Tower 2, 14th floor, One International Center, Senapati Bapat Marg, Elphinstone Road, MUMBAI, MAHARASHTRA, 400013","Mr Neeraj Sirur","Unit 1501, Tower 2B, , One Indiabulls Center, Jupiter Mills Compound, S Bapat Marg, Lower Parel, MUMBAI, MAHARASHTRA, 400013","","","","","","","","Apr 12, 2016 - Perpetual","https://www.sebi.gov.in/sebiweb/other/OtherAction.do?doRecognisedFpi=yes&intmId=33"
"404","Registered Portfolio Managers","33","17","SAVVY CAPITAL ADVISORS LLP","","INP000005331","","","","OFFICE NO.1, SHUBHAM APARTMENT, OPP. ESIS HOSPITAL, AKURLI ROAD, KANDIVALI EAST, MUMBAI, MAHARASHTRA, 400101","","OFFICE NO.1, SHUBHAM APARTMENT, OPP. ESIS HOSPITAL, AKURLI ROAD, KANDIVALI EAST, MUMBAI, MAHARASHTRA, 400101","","","","http://savvycapital.in/","","","","Feb 22, 2017 - Perpetual","https://www.sebi.gov.in/sebiweb/other/OtherAction.do?doRecognisedFpi=yes&intmId=33"
"405","Registered Portfolio Managers","33","17","SBI FUNDS MANAGEMENT LIMITED","","INP000000852","","022 61793091","022 61793091","9th floor, Crescenzo, C 38 and 39, G Block, Bandra Kurla Complex, Bandra East, MUMBAI, MAHARASHTRA, 400051","Vinaya Datar","9th floor, Crescenzo, C 38 and 39, G Block, Bandra Kurla Complex, Bandra East, MUMBAI, MAHARASHTRA, 400051","","","","sbifunds.com","","","022 61793091","Jan 16, 2004 - Perpetual","https://www.sebi.gov.in/sebiweb/other/OtherAction.do?doRecognisedFpi=yes&intmId=33"
"406","Registered Portfolio Managers","33","17","SCIENT CAPITAL PRIVATE LIMITED","","INP000005166","","","","","","","","","","","","","","Jun 09, 2016 - Perpetual","https://www.sebi.gov.in/sebiweb/other/OtherAction.do?doRecognisedFpi=yes&intmId=33"
"407","Registered Portfolio Managers","33","17","SECURITIES INVESTMENT MANAGEMENT PRIVATE LIMITED","","INP000002940","","32650139, 26731567","32650139, 26731567","112/B, Andheri Industrial Estate, Off Veera Desai Road, Andheri West, MUMBAI, MAHARASHTRA, 400053","Nirali Shah","113/A, Andheri Industrial Estate, Off Veera Desai Road, Andheri West, MUMBAI, MAHARASHTRA, 400053","","","","simpl.co.in/","","","32650139, 26731567","Sep 25, 2014 - Perpetual","https://www.sebi.gov.in/sebiweb/other/OtherAction.do?doRecognisedFpi=yes&intmId=33"
"408","Registered Portfolio Managers","33","17","SEERS FUND MANAGEMENT PRIVATE LIMITED","","INP000005398","compliance@seth.co.in","9101204566172","9101204566172","PLOT NO. 49, 2ND FLOOR, NORTHEX MODEL TOWN, PRINCESS ROAD, , NEAR DAV SCHOOL, GTB NAGAR,, DELHI, NATIONAL CAPITAL TERRITORY OF DELHI, 110009","JITENDER SHARMA","812, 8th Floor, WAVE SILVER TOWER, SECTOR 18, NOIDA, NOIDA, UTTAR PRADESH, 201301","","","","","","compliance@seth.co.in","9101204566172","Apr 17, 2017 - Perpetual","https://www.sebi.gov.in/sebiweb/other/OtherAction.do?doRecognisedFpi=yes&intmId=33"
"409","Registered Portfolio Managers","33","17","SEKURA INDIA MANAGEMENT LIMITED","","INP000008543","alternativescompliance@edelweissalts.com","9102240194400","","Plot 294/3, Edelweiss House, Off CST Road,, Kalina, Santacruz East,, MUMBAI, MAHARASHTRA, 400098","Amit Sharma","Plot 294/3, Edelweiss House, Off CST Road, Kalina, Santacruz East, MUMBAI, MAHARASHTRA, 400098","","","","sekura.in/","","alternativescompliance@edelweissalts.com","9102240194400","Jan 19, 2024 - Perpetual","https://www.sebi.gov.in/sebiweb/other/OtherAction.do?doRecognisedFpi=yes&intmId=33"
"410","Registered Portfolio Managers","33","17","SHADE CAPITAL PRIVATE LIMITED","","INP000004185","","+91 11 26932901","+91 11 26932901","S68 GROUND FLOOR, PANCHSHEEL PARK MALVIYA NAGAR, NEW DELHI, NATIONAL CAPITAL TERRITORY OF DELHI, 110017","Umapati","154, Tribhuvan Complex,Ishwar Nagar,Mathura Road, NEW DELHI, NATIONAL CAPITAL TERRITORY OF DELHI, 110065","","","","http://shadecapital.in/","","","+91 11 26932901","Jan 02, 2015 - Perpetual","https://www.sebi.gov.in/sebiweb/other/OtherAction.do?doRecognisedFpi=yes&intmId=33"
"411","Registered Portfolio Managers","33","17","Share India Securities Limited","","INP000009427","beena.sadhwani@shareindia.com","9101206943926","9101206943926","Unit no 615 and 616 6th Floor X Change Plaza Dalal Street Commercial Co operative Society Limited, Road 5E Block 53 Zone 5 Gift City Gandhinagar Gujarat 382355, GANDHINAGAR, GUJARAT, 382355","Beena Sadhwani","A 15 Sector 64, NOIDA, UTTAR PRADESH, 201301","","","","","","beena.sadhwani@shareindia.com","9101206943926","May 05, 2025 - Perpetual","https://www.sebi.gov.in/sebiweb/other/OtherAction.do?doRecognisedFpi=yes&intmId=33"
"412","Registered Portfolio Managers","33","17","Sharekhan Limited","","INP000005786","joby@sharekhan.com","02202261169000","","1st Floor, Tower 3, Equinox Business Park,, LBS Marg, Off BKC , Kurla (west), MUMBAI, MAHARASHTRA, 400070","Joby Meledan","10th Floor Gigaplex Bldg No 9 Raheja Mindspace, Airoli Knowledge Park Rd MSEB Staf Colony TTC Industrial Area Airoli Navi Mumbai, NAVI MUMBAI, MAHARASHTRA, 400708","","","","","","joby@sharekhan.com","02202261169000","Jun 12, 2025 - Perpetual","https://www.sebi.gov.in/sebiweb/other/OtherAction.do?doRecognisedFpi=yes&intmId=33"
"413","Registered Portfolio Managers","33","17","SHEPHERDS HILL FINANCIAL ADVISORS LLP","","INP000004748","","","","1302 Silver Spring, Shirley Rajan Rd, Rizvi Complex, MUMBAI, MAHARASHTRA, 400050","","B-5 STC Society, NS Phadke Marg, MUMBAI, MAHARASHTRA, 400069","","","","info.shepherdshill.in/","","","","Jul 07, 2015 - Perpetual","https://www.sebi.gov.in/sebiweb/other/OtherAction.do?doRecognisedFpi=yes&intmId=33"
"414","Registered Portfolio Managers","33","17","Shree Rama Managers LLP","","INP300007341","compliance@shreerama.co.in","9103335442516","9103335442516","24 Sarat Bose Road,, 4th Floor,, KOLKATA, WEST BENGAL, 700020","Gaurav Rampuria","24 Sarat Bose Road, 4th Floor, KOLKATA, WEST BENGAL, 700020","","","","shreerama.co.in/","","compliance@shreerama.co.in","9103335442516","Feb 11, 2022 - Perpetual","https://www.sebi.gov.in/sebiweb/other/OtherAction.do?doRecognisedFpi=yes&intmId=33"
"415","Registered Portfolio Managers","33","17","Shriram Asset Management Company Limited","","INP000008765","akash@shriramamc.in","9102249696944","","217 2nd Floor Swastik Chambers, Near Junction of ST & CST Road Chembur, MUMBAI, MAHARASHTRA, 400071","Akash Pandey","504 Meadows Sahar Plaza Andheri Kurla Road, JB Nagar Andheri East, MUMBAI, MAHARASHTRA, 400059","","","","https://www.shriramamc.in/","","akash@shriramamc.in","9102249696944","Nov 14, 2025 - Perpetual","https://www.sebi.gov.in/sebiweb/other/OtherAction.do?doRecognisedFpi=yes&intmId=33"
"416","Registered Portfolio Managers","33","17","Sicomoro Advisors Private Limited","","INP000009782","rashmikant.talati@sicomoro.in","9102249636131","9102249636131","Unit No 102 1st Floor, Pharma Search House 72 73, , Worli Hill Estate, Dr. B.G. Kher Road, Worli, MUMBAI, MAHARASHTRA, 400018","Rashmikant Talati","Unit No 102 1st Floor, Pharma Search House 72 73, , Worli Hill Estate, Dr. B.G. Kher Road, Worli, MUMBAI, MAHARASHTRA, 400018","","","","www.sicomoro.in","","rashmikant.talati@sicomoro.in","9102249636131","Jan 21, 2026 - Perpetual","https://www.sebi.gov.in/sebiweb/other/OtherAction.do?doRecognisedFpi=yes&intmId=33"
"417","Registered Portfolio Managers","33","17","SILA Advisors LLP","","INP000008118","aif@silagroup.co.in","0912240646767","","A 301, Floor 3rd, Plot 249, A , Neelam Centre, Baburao Pendharkar Marg, Glaxo, Worli Colony, Mumbai, MUMBAI, MAHARASHTRA, 400030","Hari Movva","A 301, Floor 3rd, Plot 249, A , Neelam Centre, Baburao Pendharkar Marg, Glaxo, Worli Colony, Mumbai, MUMBAI, MAHARASHTRA, 400030","","","","","","aif@silagroup.co.in","0912240646767","May 18, 2023 - Perpetual","https://www.sebi.gov.in/sebiweb/other/OtherAction.do?doRecognisedFpi=yes&intmId=33"
"418","Registered Portfolio Managers","33","17","SILVERARCH INVESTMENT ADVISERS PRIVATE LIMITED","","INP000005759","sanjeev.patni@silverarchinvest.com","0919930039399","","1st Floor, B-Wing, Parinee Crescenzo, G Block BKC , Bandra Kurla Complex, Bandra East, MUMBAI, MAHARASHTRA, 400051","Sanjay Nambiar","1st Floor, B-Wing, Parinee Crescenzo, G Block BKC , Bandra Kurla Complex, Bandra East, MUMBAI, MAHARASHTRA, 400051","","","","","","sanjeev.patni@silverarchinvest.com","0919930039399","Jul 19, 2017 - Perpetual","https://www.sebi.gov.in/sebiweb/other/OtherAction.do?doRecognisedFpi=yes&intmId=33"
"419","Registered Portfolio Managers","33","17","SINCERE SYNDICATION AND CORPORATE SERVICES LLP","","INP200007803","Sudarshan@sinceresyndication.com","004445546075","004445546075","Adwave Towers, 3rd Floor, Block A,, No.9, South Boag Road, T. Nagar, CHENNAI, TAMIL NADU, 600017","Sudharshan S","Adwave Towers, 3rd Floor, Block A, No.9, South Boag Road, T. Nagar, CHENNAI, TAMIL NADU, 600017","","","","","","Sudarshan@sinceresyndication.com","004445546075","Jan 31, 2023 - Perpetual","https://www.sebi.gov.in/sebiweb/other/OtherAction.do?doRecognisedFpi=yes&intmId=33"
"420","Registered Portfolio Managers","33","17","Singularity AMC LLP","","INP000007474","santosh@skothari.com","9102222424480","","A 1404, 14th Floor, Naman Midtown, Near India Bulls, Senapati Bapat Marg, Elphinstone, MUMBAI, MAHARASHTRA, 400013","Yash Kela","A 1404, 14th Floor, Naman Midtown, Near India Bulls, Senapati Bapat Marg, Elphinstone, MUMBAI, MAHARASHTRA, 400013","","","","","","santosh@skothari.com","9102222424480","Jul 25, 2022 - Perpetual","https://www.sebi.gov.in/sebiweb/other/OtherAction.do?doRecognisedFpi=yes&intmId=33"
"421","Registered Portfolio Managers","33","17","SINGULARITY GREEN PRIVATE LIMITED","","INP000009825","finance@singularityamc.in","000009820094118","000009820094118","A-1403 14th Floor, Naman Midtown, Senapati Bapat Marg,, MUMBAI, MAHARASHTRA, 400013","Nischal Mittal","A-1403 14th Floor, Naman Midtown, Senapati Bapat Marg, MUMBAI, MAHARASHTRA, 400013","","","","","","finance@singularityamc.in","000009820094118","Feb 09, 2026 - Perpetual","https://www.sebi.gov.in/sebiweb/other/OtherAction.do?doRecognisedFpi=yes&intmId=33"
"422","Registered Portfolio Managers","33","17","SIRIUS ADVISORS PRIVATE LIMITED","","INP000004615","","912222840216/17","912222840216/17","Office No.401, 4th Floor, Maker Chamber V, Plot No.221,, Backbay Reclamation, Nariman Point,, MUMBAI, MAHARASHTRA, 400021","Chirag Y Shah","Office No.401, 4th Floor, Maker Chamber V, Plot No.221, Backbay Reclamation, Nariman Point, MUMBAI, MAHARASHTRA, 400021","","","","siriusadvisors.in/about-us/","","","912222840216/17","Jan 06, 2015 - Perpetual","https://www.sebi.gov.in/sebiweb/other/OtherAction.do?doRecognisedFpi=yes&intmId=33"
"423","Registered Portfolio Managers","33","17","SKP SECURITIES LIMITED","","INP000006509","gaurav.agarwal@skpsecurities.com","9103366777029","9103366777029","BIOWONDER, 1702 & 1703 , 789, Anandapur, Eastern Metropolitan Bypass , Near Fortis Hospital, KOLKATA, WEST BENGAL, 700107","GAURAV AGARWAL","BIOWONDER, 1702 & 1703 , 789, Anandapur, Eastern Metropolitan Bypass , Near Fortis Hospital, KOLKATA, WEST BENGAL, 700107","","","","www.skpsecurities.com","","gaurav.agarwal@skpsecurities.com","9103366777029","Mar 27, 2019 - Perpetual","https://www.sebi.gov.in/sebiweb/other/OtherAction.do?doRecognisedFpi=yes&intmId=33"
"424","Registered Portfolio Managers","33","17","Sky Impact Capital Advisors LLP","","INP000006165","aakash@sfglobal.sg","9102268699000","","1102, Lodha Supremus Worli, Dr. E Moses Road, Worli, MUMBAI, MAHARASHTRA, 400018","Mahesh Devadiga","1102, Lodha Supremus Worli, Dr. E Moses Road, Worli, MUMBAI, MAHARASHTRA, 400018","","","","skyimpact.com","","aakash@sfglobal.sg","9102268699000","Oct 17, 2018 - Perpetual","https://www.sebi.gov.in/sebiweb/other/OtherAction.do?doRecognisedFpi=yes&intmId=33"
"425","Registered Portfolio Managers","33","17","SMC Global Securities Limited","","INP000006703","vikassethi@smcindiaonline.com","91111130111000","91111130111000","11/6B, Shanti Chambers Pusa Road, New Delhi, NEW DELHI, NATIONAL CAPITAL TERRITORY OF DELHI, 110005","Vikas Sethi","11/6B, Shanti Chambers Pusa Road, New Delhi, NEW DELHI, NATIONAL CAPITAL TERRITORY OF DELHI, 110005","","","","","","vikassethi@smcindiaonline.com","91111130111000","Apr 26, 2019 - Perpetual","https://www.sebi.gov.in/sebiweb/other/OtherAction.do?doRecognisedFpi=yes&intmId=33"
"426","Registered Portfolio Managers","33","18","SMIFS LIMITED","","INP000004623","","033 3051 5401","033 3051 5401","VAIBHAV, 5TH FLOOR, 4, LEE ROAD, KOLKATA, WEST BENGAL, 700020","Mr. Sudipto Datta","Vaibhav, 5th Floor, 4, Lee Road, KOLKATA, WEST BENGAL, 700020","","","","smifs.com/","","","033 3051 5401","Jan 14, 2015 - Perpetual","https://www.sebi.gov.in/sebiweb/other/OtherAction.do?doRecognisedFpi=yes&intmId=33"
"427","Registered Portfolio Managers","33","18","Sohum Asset Managers Private Limited","","INP000008136","compliance@sohumamc.com","910229619760033","910229619760033","611 A Wing, INS Tower, Plot No.C 63, G Block Bandra Kurla Complex,, Bandra East, Opp. Indian Oil Petrol Pump, MUMBAI, MAHARASHTRA, 400051","Harshad Babade","611, INS Tower A wing, Bandra Kurla Comlpex, Bandra East, MUMBAI, MAHARASHTRA, 400051","","","","","","compliance@sohumamc.com","910229619760033","Jun 06, 2023 - Perpetual","https://www.sebi.gov.in/sebiweb/other/OtherAction.do?doRecognisedFpi=yes&intmId=33"
"428","Registered Portfolio Managers","33","18","SOLDIERS FIELD INVESTMENTS PRIVATE LIMITED","","INP000004318","","","","Third Floor, 140 Nehru Market, Opposite Lady Shri Ram College, Zamrudpur, NEW DELHI, NATIONAL CAPITAL TERRITORY OF DELHI, 110048","","Third Floor, 140 Nehru Market, Opposite Lady Shri Ram College, Zamrudpur, NEW DELHI, NATIONAL CAPITAL TERRITORY OF DELHI, 110048","","","","","","","","Jun 22, 2015 - Perpetual","https://www.sebi.gov.in/sebiweb/other/OtherAction.do?doRecognisedFpi=yes&intmId=33"
"429","Registered Portfolio Managers","33","18","SOLIDARITY ADVISORS PRIVATE LIMITED","","INP000004961","mg@solidarity.in","91002249714275","","101 Buena Vista, St. Alexius Road, Bandra West, MUMBAI, MAHARASHTRA, 400050","Naarah Pereira","704 and 705 Balarama , Bandra Kurla Complex, Bandra East, MUMBAI, MAHARASHTRA, 400051","","","","","","mg@solidarity.in","91002249714275","Dec 17, 2015 - Perpetual","https://www.sebi.gov.in/sebiweb/other/OtherAction.do?doRecognisedFpi=yes&intmId=33"
"430","Registered Portfolio Managers","33","18","SOMERSET HEALTHCARE INVESTMENT ADVISORS III PRIVATE LIMITED","","INP000009357","ztrivedi@somersetinduscap.com","00919819717009","00919819717009","Unit No 401, Plot 72 93, Pharma Search House, Hill Road, B G Kher Marg, Worli, MUMBAI, MAHARASHTRA, 400018","Zulfikar Trivedi","Unit No 401, Plot 72 93, Pharma Search House, Hill Road, B G Kher Marg, Worli, MUMBAI, MAHARASHTRA, 400018","","","","","","ztrivedi@somersetinduscap.com","00919819717009","Mar 26, 2025 - Perpetual","https://www.sebi.gov.in/sebiweb/other/OtherAction.do?doRecognisedFpi=yes&intmId=33"
"431","Registered Portfolio Managers","33","18","Sowilo Investment Managers LLP","","INP000008127","arvind.c@sowilo.co.in","9102242570100","9102242570100","57 Ground Floor Virwani Industrial Estate, Off WEH Goregaon East, MUMBAI, MAHARASHTRA, 400063","Arvind Chirania","57 Ground Floor Virwani Industrial Estate, Off WEH Goregaon East, MUMBAI, MAHARASHTRA, 400063","","","","sowilo.co.in/","","arvind.c@sowilo.co.in","9102242570100","Jun 05, 2023 - Perpetual","https://www.sebi.gov.in/sebiweb/other/OtherAction.do?doRecognisedFpi=yes&intmId=33"
"432","Registered Portfolio Managers","33","18","Spark Asia Impact Managers Private Limited","","INP000006235","eam.compliance@sparkcapital.in","9104469250000","9104469250000","No. 1, 3rd Floor, First Crescent Park Road, Gandhi Nagar, Adyar, CHENNAI, TAMIL NADU, 600020","Amrita Pillai","No. 99, 2nd Floor, Senans Squaree, Santhome High Road, Santhome, CHENNAI, TAMIL NADU, 600028","","","","sparkfund.in/","","eam.compliance@sparkcapital.in","9104469250000","Nov 14, 2018 - Perpetual","https://www.sebi.gov.in/sebiweb/other/OtherAction.do?doRecognisedFpi=yes&intmId=33"
"433","Registered Portfolio Managers","33","18","Spark Fund Advisors LLP","","INP000008835","compliance@sparkcapital.in","9104469250000","9104469250000","No. 1, 3rd Floor, First Crescent Park Road,, Gandhi Nagar, Adyar,, CHENNAI, TAMIL NADU, 600020","Amrita Pillai","No. 1, 3rd Floor, First Crescent Park Road, Gandhi Nagar, Adyar, CHENNAI, TAMIL NADU, 600020","","","","sparkcapital.in","","compliance@sparkcapital.in","9104469250000","Jul 22, 2024 - Perpetual","https://www.sebi.gov.in/sebiweb/other/OtherAction.do?doRecognisedFpi=yes&intmId=33"
"434","Registered Portfolio Managers","33","18","Spark PWM Private Limited","","INP200007274","pwm.compliance@sparkcapital.in","9104469250000","9104469250000","No. 1, 3rd Floor, First Crescent Park Road, , Gandhi Nagar, Adyar, CHENNAI, TAMIL NADU, 600020","Anupam Mohaney","No. 1, 3rd Floor, First Crescent Park Road, , Gandhi Nagar, Adyar, CHENNAI, TAMIL NADU, 600020","","","","","","pwm.compliance@sparkcapital.in","9104469250000","Sep 14, 2021 - Perpetual","https://www.sebi.gov.in/sebiweb/other/OtherAction.do?doRecognisedFpi=yes&intmId=33"
"435","Registered Portfolio Managers","33","18","Speciale Incept Advisors LLP","","INP200007566","vishesh.rajaram@specialeinvest.com","9109940086522","9109940086522","85 5 D2 Block 3, Aibea Nagar First Main Road Thiruvanmiyur, CHENNAI, TAMIL NADU, 600041","Vishesh Rajaram","85 5 D2 Block 3, Aibea Nagar First Main Road Thiruvanmiyur, CHENNAI, TAMIL NADU, 600041","","","","","","vishesh.rajaram@specialeinvest.com","9109940086522","Sep 19, 2022 - Perpetual","https://www.sebi.gov.in/sebiweb/other/OtherAction.do?doRecognisedFpi=yes&intmId=33"
"436","Registered Portfolio Managers","33","18","SPICE ROUTE ADVISORS LLP","","INP000008978","sreeash@spicerouteadvisors.in","00919687767393","00919687767393","1J, Tower 3, Alpha Horizon, Building no 13 420 1GT3,, Vallarpadam, ERNAKULAM, KERALA, 682504","Anish Mathew","1J, Tower 3, Alpha Horizon, Building no 13 420 1GT3, Vallarpadam, ERNAKULAM, KERALA, 682504","","","","spicerouteadvisors.in/","","sreeash@spicerouteadvisors.in","00919687767393","Sep 10, 2024 - Perpetual","https://www.sebi.gov.in/sebiweb/other/OtherAction.do?doRecognisedFpi=yes&intmId=33"
"437","Registered Portfolio Managers","33","18","Square 64 Capital Advisors LLP","","INP000008862","mihir.dhamankar@square64.com","9102240679100","9102240679100","207 208 Cama Industrial Estate Sun Mill Compound, Lower Parel Delisle Road, MUMBAI, MAHARASHTRA, 400013","Mihir Dhamankar","207 208 Cama Industrial Estate Sun Mill Compound, Lower Parel Delisle Road, MUMBAI, MAHARASHTRA, 400013","","","","","","mihir.dhamankar@square64.com","9102240679100","Aug 05, 2024 - Perpetual","https://www.sebi.gov.in/sebiweb/other/OtherAction.do?doRecognisedFpi=yes&intmId=33"
"438","Registered Portfolio Managers","33","18","STALLION ASSET PRIVATE LIMITED","","INP000006129","compliance@stallionasset.com","9102268680258","9102268680258","1406A Brighton Tower, Road No-2, Lokhandwala Complex, Andheri West, MUMBAI, MAHARASHTRA, 400053","Rohit Jeswani","5th Floor, Jet Prime Building, Suren Road Gundavali Andheri East, MUMBAI, MAHARASHTRA, 400093","","","","","","compliance@stallionasset.com","9102268680258","Aug 31, 2018 - Perpetual","https://www.sebi.gov.in/sebiweb/other/OtherAction.do?doRecognisedFpi=yes&intmId=33"
"439","Registered Portfolio Managers","33","18","Stalwart Investment Advisors LLP","","INP000007757","pms@stalwartvalue.com","0919599154124","","AD 33B, Shalimar Bagh, New Delhi, NEW DELHI, NATIONAL CAPITAL TERRITORY OF DELHI, 110088","Isha Sharma","1005, 10TH FLOOR, KLJ TOWER, NETAJI SUBHASH PLACE, PITAMPURA, NEW DELHI, NATIONAL CAPITAL TERRITORY OF DELHI, 110034","","","","stalwartvalue.com/pms/","","pms@stalwartvalue.com","0919599154124","Jan 04, 2023 - Perpetual","https://www.sebi.gov.in/sebiweb/other/OtherAction.do?doRecognisedFpi=yes&intmId=33"
"440","Registered Portfolio Managers","33","18","STANDARD CHARTERED SECURITIES (INDIA) LIMITED","","INP000003542","","","","","","","","","","standardcharteredtrade.co.in/content/","","","","Jan 18, 2016 - Perpetual","https://www.sebi.gov.in/sebiweb/other/OtherAction.do?doRecognisedFpi=yes&intmId=33"
"441","Registered Portfolio Managers","33","18","STEADFORT INVESTMENT MANAGERS LLP","","INP000009764","compliance@steadfort.com","9109892350942","","C 509, Mittal Commercia CHS, J B Nagar, Marol Naka, Andheri E, Mumbai, MUMBAI, MAHARASHTRA, 400059","Shivshaktikumar Tiwari","C 509, Mittal Commercia CHS, J B Nagar, Marol Naka, Andheri E, Mumbai, MUMBAI, MAHARASHTRA, 400059","","","","www.steadfort.com","","compliance@steadfort.com","9109892350942","Jan 07, 2026 - Perpetual","https://www.sebi.gov.in/sebiweb/other/OtherAction.do?doRecognisedFpi=yes&intmId=33"
"442","Registered Portfolio Managers","33","18","STOCKHOLDING SERVICES LIMITED","","INP000007304","rajneesh_singh@stockholding.com","9102261778600","9102261778600","SHCIL House, Plot No.P-51, TTC Industrial Area, MIDC, Mahape, Navi Mumbai, NAVI MUMBAI, MAHARASHTRA, 400710","Rajneesh Singh","SHCIL House, Plot No.P-51, TTC Industrial Area, MIDC, Mahape, Navi Mumbai, NAVI MUMBAI, MAHARASHTRA, 400710","","","","","","rajneesh_singh@stockholding.com","9102261778600","Nov 16, 2021 - Perpetual","https://www.sebi.gov.in/sebiweb/other/OtherAction.do?doRecognisedFpi=yes&intmId=33"
"443","Registered Portfolio Managers","33","18","Sundaram Alternate Assets Limited","","INP000006271","rajagopalk@sundaramalternates.com","9104428569863","9104428569863","21, Patullos Road, CHENNAI, TAMIL NADU, 600002","K Rajagopal","Alamelu Terrace Citi Bank Building , 3rd floor 163 Anna salai Chennai, CHENNAI, TAMIL NADU, 600002","","","","","","rajagopalk@sundaramalternates.com","9104428569863","Nov 29, 2018 - Perpetual","https://www.sebi.gov.in/sebiweb/other/OtherAction.do?doRecognisedFpi=yes&intmId=33"
"444","Registered Portfolio Managers","33","18","Svan Investment Managers LLP","","INP000007988","jigars@svaninvestments.com","9102268767700","","B1001, Kanakia Wall Street,, Andheri Kurla Road, Andheri East,, MUMBAI, MAHARASHTRA, 400069","Vasha Kasera","B1001, Kanakia Wall Street, Andheri Kurla Road, Andheri East, MUMBAI, MAHARASHTRA, 400069","","","","svaninvestments.com/","","jigars@svaninvestments.com","9102268767700","Apr 03, 2023 - Perpetual","https://www.sebi.gov.in/sebiweb/other/OtherAction.do?doRecognisedFpi=yes&intmId=33"
"445","Registered Portfolio Managers","33","18","Svobodha Infinity Investment Advisors Private Limited","","INP000008011","kranthi@savart.com","00919885012380","","1-2-302, Domalguda, HYDERABAD, TELANGANA, 500029","Kranthi Chaitanya Pulluru","Plot No. 19/1, Huda Techno Enclave, Hi Tech City, Madhapur, HYDERABAD, TELANGANA, 500081","","","","savart.com/pms-2/","","kranthi@savart.com","00919885012380","Apr 12, 2023 - Perpetual","https://www.sebi.gov.in/sebiweb/other/OtherAction.do?doRecognisedFpi=yes&intmId=33"
"446","Registered Portfolio Managers","33","18","Swastika Investmart Limited","","INP000008181","compliance@swastika.co.in","9107316644244","9107316644244","Office No. 104, 1st Floor, KESHAVA Commercial Building, Plot No. C5, E Block, Bandra Kurla Complex, Opp GST Bhavan, Bandra East, MUMBAI, MAHARASHTRA, 400051","Dimple Soni","48 , Jaora Compound , M.Y. Hospital Road, INDORE, MADHYA PRADESH, 452001","","","","","","compliance@swastika.co.in","9107316644244","Jul 04, 2023 - Perpetual","https://www.sebi.gov.in/sebiweb/other/OtherAction.do?doRecognisedFpi=yes&intmId=33"
"447","Registered Portfolio Managers","33","18","SWYOM ADVISORS LIMITED","","INP300007712","sweta.agarwal@swyom.com","0919619000900","","11A M D ROAD 2ND FLOOR, ROOM NO 1, KOLKATA, WEST BENGAL, 700007","Veena Joshi","Office No. B 912, Kanakia Wall Street, Chakala Junction, Andheri East., MUMBAI, MAHARASHTRA, 400093","","","","","","sweta.agarwal@swyom.com","0919619000900","Dec 27, 2022 - Perpetual","https://www.sebi.gov.in/sebiweb/other/OtherAction.do?doRecognisedFpi=yes&intmId=33"
"448","Registered Portfolio Managers","33","18","SYKES & RAY EQUITIES INDIA LIMITED","","INP000005795","sidhant@sre.co.in","9102261937408","9102261937408","3rd Floor, CAMA Building, , Dalal Street, Fort, MUMBAI, MAHARASHTRA, 400001","Sidhant Prabhu","","","","","sre.co.in(sre.co.in/)","","sidhant@sre.co.in","9102261937408","Aug 11, 2017 - Perpetual","https://www.sebi.gov.in/sebiweb/other/OtherAction.do?doRecognisedFpi=yes&intmId=33"
"449","Registered Portfolio Managers","33","18","SYSTEMATIX SHARES AND STOCKS (INDIA) LIMITED","","INP000002692","","02230298000","02230298000","The Capital A wing No 603 606, 6th Floor Plot C 70 G Block Bandra Kurla Complex Bandra East, MUMBAI, MAHARASHTRA, 400051","Rakesh Kumar","J K SOMANI BUILDING, BRITISH HOTEL LANE, BOMBAY SAMACHAR MARG, FORT, MUMBAI, MAHARASHTRA, 400001","","","","systematixgroup.in","","","02230298000","May 13, 2017 - Perpetual","https://www.sebi.gov.in/sebiweb/other/OtherAction.do?doRecognisedFpi=yes&intmId=33"
"450","Registered Portfolio Managers","33","18","Systematix Wealth and Asset Services Private Limited","","INP000009728","compliance_pms@systematixgroup.in","09102266198000","09102266198029","The Capital, A wing, No. 603 - 606, 6th Floor, Plot No. C 70, G Block, , Bandra Kurla Complex, Bandra East,, MUMBAI, MAHARASHTRA, 400051","Pradeep Gotecha","The Capital, A wing, No. 603 - 606, 6th Floor, Plot No. C 70, G Block, , Bandra Kurla Complex, Bandra East, MUMBAI, MAHARASHTRA, 400051","","","","","","compliance_pms@systematixgroup.in","09102266198000","Nov 28, 2025 - Perpetual","https://www.sebi.gov.in/sebiweb/other/OtherAction.do?doRecognisedFpi=yes&intmId=33"
"451","Registered Portfolio Managers","33","19","T G P ADVISORS LLP","","INP000009791","rajesh@tridentgp.in","000000000000000000","000000000000000000","No. 62, 17th Main, 2nd Block, , Kormangala, Bangalore, BANGALORE, KARNATAKA, 560034","Rajesh Ramaiah","No. 62, 17th Main, 2nd Block, , Kormangala, Bangalore, BANGALORE, KARNATAKA, 560034","","","","https://tridentgp.in/about","","rajesh@tridentgp.in","000000000000000000","Jan 21, 2026 - Perpetual","https://www.sebi.gov.in/sebiweb/other/OtherAction.do?doRecognisedFpi=yes&intmId=33"
"452","Registered Portfolio Managers","33","19","T.RAM FINANCIAL SERVICES PRIVATE LIMITED","","INP000006068","subashr@tramfsl.com","9104424335067","","No 15, SIXTH STREET NANDANAM EXTENSION, CHENNAI, TAMIL NADU, 600035","VEDALAKSHMI PARAMESWARAN","No 15, SIXTH STREET NANDANAM EXTENSION, CHENNAI, TAMIL NADU, 600035","","","","tramfsl.com","","subashr@tramfsl.com","9104424335067","Jul 16, 2018 - Perpetual","https://www.sebi.gov.in/sebiweb/other/OtherAction.do?doRecognisedFpi=yes&intmId=33"
"453","Registered Portfolio Managers","33","19","Tailwind Financial Services Private Limited","","INP000008871","compliance@tailwindamc.com","910229640696416","910229640696416","6th Floor, Simba Tower, Vishveshwar Nagar,, Near Virwani Industrial Estate, Goregaon East, MUMBAI, MAHARASHTRA, 400063","Pranita Manchekar","6th Floor, Simba Tower, Vishveshwar Nagar, Near Virwani Industrial Estate, Goregaon East, MUMBAI, MAHARASHTRA, 400063","","","","","","compliance@tailwindamc.com","910229640696416","Aug 06, 2024 - Perpetual","https://www.sebi.gov.in/sebiweb/other/OtherAction.do?doRecognisedFpi=yes&intmId=33"
"454","Registered Portfolio Managers","33","19","Tamohara Investment Managers Private Limited","","INP000008020","rajesh@tamohara.net","910229769644474","910229769644474","1402, Peninsula Park,Off Veera Desai Road, Andheri West, MUMBAI, MAHARASHTRA, 400053","Rajesh Kodnaney","1402,Peninsula Park,Off Veera Desai Road,Andheri West, MUMBAI, MAHARASHTRA, 400053","","","","","","rajesh@tamohara.net","910229769644474","Apr 13, 2023 - Perpetual","https://www.sebi.gov.in/sebiweb/other/OtherAction.do?doRecognisedFpi=yes&intmId=33"
"455","Registered Portfolio Managers","33","19","Tata Asset Management Private Limited","","INP000001058","","912266578222","912266578222","1903 B Wing Parinee Crescenzo G Block, BKC, Bandra East,, MUMBAI, MAHARASHTRA, 400051","Parvez Pochkhanawala","Mafatlal Centre 9th Floor, Nariman Point, MUMBAI, MAHARASHTRA, 400021","","","","","","","912266578222","Sep 16, 2016 - Perpetual","https://www.sebi.gov.in/sebiweb/other/OtherAction.do?doRecognisedFpi=yes&intmId=33"
"456","Registered Portfolio Managers","33","19","TAURUS TREASURY MANAGEMENT SERVICES PRIVATE LIMITED","","INP000004490","","61471177","61471177","202, Cosmos Court, Opp. IOCL Petrol Pump, S. V. Road, Vile Parle West, MUMBAI, MAHARASHTRA, 400056","Mrs. Deepali Vaidya","201, Cosmos Court, Opp. IOCL Petrol Pump, S. V. Road, Vile Parle West, MUMBAI, MAHARASHTRA, 400056","","","","","","","61471177","Sep 11, 2016 - Perpetual","https://www.sebi.gov.in/sebiweb/other/OtherAction.do?doRecognisedFpi=yes&intmId=33"
"457","Registered Portfolio Managers","33","19","TCG ADVISORY SERVICES PRIVATE LIMITED","","INP000005133","","","","TCG FINANCIAL CENTRE 11TH AND 12TH FLOORS, PLOT NO C 53 G BLOCK BKC BANDRA EAST, MUMBAI, MAHARASHTRA, 400051","","IL &FS Financial center, MUMBAI, MAHARASHTRA, 400051","","","","","","","","May 31, 2016 - Perpetual","https://www.sebi.gov.in/sebiweb/other/OtherAction.do?doRecognisedFpi=yes&intmId=33"
"458","Registered Portfolio Managers","33","19","THE HONGKONG AND SHANGHAI BANKING CORPOR","","INP000000795","","2268 1068","2268 1068","INDIA AREA MANAGEMENT, 52/60 MAHATMA GANDHI ROAD,, FORT, MUMBAI, MAHARASHTRA, 400001","JASMINE BATLIWALLA","PRIVATE BANKING, 52/60 MAHATMA GANDHI ROAD, FORT, MUMBAI, MAHARASHTRA, 400001","","","","hsbc.co.in","","","2268 1068","May 01, 2015 - Perpetual","https://www.sebi.gov.in/sebiweb/other/OtherAction.do?doRecognisedFpi=yes&intmId=33"
"459","Registered Portfolio Managers","33","19","THINQWISE WEALTH MANAGERS LLP","","INP000008109","compliance@thinqwise.com","9102249605300","9102249605300","CS 77 Flat B3203 Floor 32 One Avighna Park Currey Road , Mahadev Palav Marg Near Bharat Mata Cinema Parel, MUMBAI, MAHARASHTRA, 400012","NITESH MORE","Office No 203 A 2nd Floor Centre Point Premises Co op Society LTD 100, Dr Ambedkar Road Opp Bharat Mata Cinema Lalbaug Parel, MUMBAI, MAHARASHTRA, 400012","","","","","","compliance@thinqwise.com","9102249605300","May 16, 2023 - Perpetual","https://www.sebi.gov.in/sebiweb/other/OtherAction.do?doRecognisedFpi=yes&intmId=33"
"460","Registered Portfolio Managers","33","19","TRADESWIFT BROKING PRIVATE LIMITED","","INP000008446","pms@tradeswift.net","9101414050505","","4TH FLOOR,BAID HOUSE, 1 TARA NAGAR AJMER ROAD, JAIPUR, RAJASTHAN, 302006","AJAY MUNDHRA","4TH FLOOR,BAID HOUSE, 1 TARA NAGAR AJMER ROAD, JAIPUR, RAJASTHAN, 302006","","","","","","pms@tradeswift.net","9101414050505","Jul 30, 2025 - Perpetual","https://www.sebi.gov.in/sebiweb/other/OtherAction.do?doRecognisedFpi=yes&intmId=33"
"461","Registered Portfolio Managers","33","19","Trilithon Partners LLP","","INP000009898","supratim.chattopadhyay@trilithon.in","0220919531709414","0220919531709414","Flat No. D1106, Ramky Towers, Mindspace Road, Gachibowli, K.V.Rangareddy, Seri Lingampally, HYDERABAD, TELANGANA, 500032","Supratim Chattopadhyay","Office 10, 4th Floor, Jyothi Imperial, Gachibowli, HYDERABAD, TELANGANA, 500032","","","","https://www.trilithon.in/","","supratim.chattopadhyay@trilithon.in","0220919531709414","Mar 30, 2026 - Perpetual","https://www.sebi.gov.in/sebiweb/other/OtherAction.do?doRecognisedFpi=yes&intmId=33"
"462","Registered Portfolio Managers","33","19","TRIVANTAGE CAPITAL MANAGMENT INDIA PRIVATE LIMITED","","INP000004656","","9820410421","9820410421","Flat No. 2005, The Imperial Tower North, B B Nakashe Marg,, M P Hill Compound, Tardeo, MUMBAI, MAHARASHTRA, 400034","Shridhar Iyer","Office No. 1135, Regus Midtown Business Centre, , Level 11, Tower B, Peninsula Business Park, S B Road, Lower Parel, MUMBAI, MAHARASHTRA, 400013","","","","trivantagecapital.com","","","9820410421","Jan 29, 2015 - Perpetual","https://www.sebi.gov.in/sebiweb/other/OtherAction.do?doRecognisedFpi=yes&intmId=33"
"463","Registered Portfolio Managers","33","19","True Beacon Investment Advisors LLP","","INP200007353","sandhya@truebeacon.com","00919004090212","00919004090212","New No. 114, Old No. 72.8, Cunningham Road, SRT Road, BANGALORE, KARNATAKA, 560051","Sandhya Rai","New No. 114, Old No. 72.8, Cunningham Road, SRT Road, BANGALORE, KARNATAKA, 560051","","","","","","sandhya@truebeacon.com","00919004090212","Mar 09, 2022 - Perpetual","https://www.sebi.gov.in/sebiweb/other/OtherAction.do?doRecognisedFpi=yes&intmId=33"
"464","Registered Portfolio Managers","33","19","True North Credit Fund Managers LLP","","INP000007748","compliance@truenorth.co.in","9102266824821","","Suite F9C Grand Hyatt Plaza, Santacruz East, MUMBAI, MAHARASHTRA, 400055","SUSHIM DESAI","Suite F9C Grand Hyatt Plaza, Santacruz East, MUMBAI, MAHARASHTRA, 400055","","","","truenorth.co.in/","","compliance@truenorth.co.in","9102266824821","Dec 30, 2022 - Perpetual","https://www.sebi.gov.in/sebiweb/other/OtherAction.do?doRecognisedFpi=yes&intmId=33"
"465","Registered Portfolio Managers","33","19","True North Managers LLP","","INP000008002","","","","Suite F9C Grand Hyatt Plaza, Santacruz East, MUMBAI, MAHARASHTRA, 400055","Paras Nayyar","","","","","truenorth.co.in/","","","","Apr 10, 2023 - Perpetual","https://www.sebi.gov.in/sebiweb/other/OtherAction.do?doRecognisedFpi=yes&intmId=33"
"466","Registered Portfolio Managers","33","19","TRUST INVESTMENT ADVISORS PVT. LTD.","","INP000001843","co.pms@trustgroup.in","9102242245053","9102242245053","109 by 110, FIRST FLOOR, BALARAMA PREMISES CO OP SOC LTD, VILLAGE PARIGKHARI, BANDRA KURLA COMPLEX, BANDRA E, MUMBAI, MAHARASHTRA, 400051","Aayushi Mulasi","CORPORATE OFFICE NAMAN CENTRE 1101 1102, 11TH FLOOR G BLOCK C 31 BANDRA KURLA COMPLEX BANDRA EAST, MUMBAI, MAHARASHTRA, 400051","","","","","","co.pms@trustgroup.in","9102242245053","Oct 01, 2015 - Perpetual","https://www.sebi.gov.in/sebiweb/other/OtherAction.do?doRecognisedFpi=yes&intmId=33"
"467","Registered Portfolio Managers","33","19","TRUSTLINE HOLDING PVT. LTD.","","INP000002254","","","","6/13, 3rd Floor, Eastern Wing, North Avenue, Kesava Perumalpuram, R.A. Puram,, CHENNAI, TAMIL NADU, 600028","","39/19, IInd Floor, Aspen Court, 6th Main Road, Raja Annamalaipuram, CHENNAI, TAMIL NADU, 600028","","","","","","","","Jul 19, 2016 - Perpetual","https://www.sebi.gov.in/sebiweb/other/OtherAction.do?doRecognisedFpi=yes&intmId=33"
"468","Registered Portfolio Managers","33","19","TRUSTLINE SECURITIES LIMITED","","INP000004268","","01204663333","01204663333","C-633, NEW FRIENDS COLONY, NEW DELHI, NATIONAL CAPITAL TERRITORY OF DELHI, 110025","AMIT GOEL","TRUSTLINE TOWER, B-3, , SECTOR-3, NOIDA, UTTAR PRADESH, 0120","","","","trustline.in/","","","01204663333","Feb 28, 2015 - Perpetual","https://www.sebi.gov.in/sebiweb/other/OtherAction.do?doRecognisedFpi=yes&intmId=33"
"469","Registered Portfolio Managers","33","19","TULSIAN PMS LIMITED","","INP000005838","info@tulsianpms.com","91229833909511","91229833909511","A-504, A Wing, Kohinoor Square, NC Kelkar Marg, Shivaji Park, Dadar (W),, MUMBAI, MAHARASHTRA, 400028","VINOD AMERIA","A504, A Wing, Kohinoor Square, NC Kelkar Marg, Shivaji Park, MUMBAI, MAHARASHTRA, 400028","","","","","","info@tulsianpms.com","91229833909511","Sep 26, 2017 - Perpetual","https://www.sebi.gov.in/sebiweb/other/OtherAction.do?doRecognisedFpi=yes&intmId=33"
"470","Registered Portfolio Managers","33","19","TURTLE WEALTH MANAGEMENT PVT. LTD.","","INP000006758","vibhati@turtlewealth.in","91919925238849","91919925238849","1001 Rajhans Montessa, B/S Le Meridien Hotel , Dumas Road, Magdalla, SURAT, GUJARAT, 395007","Vibhati Arya","1001 Rajhans Montessa, B/S Le Meridien Hotel , Dumas Road, Magdalla, SURAT, GUJARAT, 395007","","","","turtlewealth.in/","","vibhati@turtlewealth.in","91919925238849","May 08, 2019 - Perpetual","https://www.sebi.gov.in/sebiweb/other/OtherAction.do?doRecognisedFpi=yes&intmId=33"
"471","Registered Portfolio Managers","33","19","TVS Capital Funds Private Limited","","INP000004466","s.ravikrishnan@tvscapital.in","9104424679400","9104424679400","Harita Towers No. 119 2nd Floor, St. Marys Road Abhiramapuram Teynampet, CHENNAI, TAMIL NADU, 600018","S Ravi Krishnan","Harita Towers No. 119 2nd Floor, St. Marys Road Abhiramapuram Teynampet, CHENNAI, TAMIL NADU, 600018","","","","","","s.ravikrishnan@tvscapital.in","9104424679400","Jan 27, 2026 - Perpetual","https://www.sebi.gov.in/sebiweb/other/OtherAction.do?doRecognisedFpi=yes&intmId=33"
"472","Registered Portfolio Managers","33","19","Unicorn Investment Managers LLP","","INP000008923","rutvik@unicornim.in","91229167822334","91229167822334","1806 Tower no 1 Cresent Bay, Jerbai Wadia Road Parel, MUMBAI, MAHARASHTRA, 400012","Rutvik Pathak","603 B Wing Trade World Kamla City, Senpati Bapat Marg Lower Parel, MUMBAI, MAHARASHTRA, 400012","","","","unicornim.in/","","rutvik@unicornim.in","91229167822334","Aug 30, 2024 - Perpetual","https://www.sebi.gov.in/sebiweb/other/OtherAction.do?doRecognisedFpi=yes&intmId=33"
"473","Registered Portfolio Managers","33","19","UNIFI CAPITAL PRIVATE LIMITED","","INP000000613","compliance@unificap.com","9109633512464","9109633512464","NO 11, KAKANI TOWERS,, 15 KHADER NAWAZ KHAN RD,, CHENNAI, TAMIL NADU, 600006","Anu Kaimal","No11 Kakani Towers 15 Khader Nawaz Khan Road Nungambakkam Chennai 600006, CHENNAI, TAMIL NADU, 600006","","","","","","compliance@unificap.com","9109633512464","Mar 01, 2017 - Perpetual","https://www.sebi.gov.in/sebiweb/other/OtherAction.do?doRecognisedFpi=yes&intmId=33"
"474","Registered Portfolio Managers","33","19","UNIQUE ASSET MANAGEMENT LLP","","INP000006855","niraligopani@gmail.com","0912225100447","0912225100447","710/711 Skyline Wealth Space, , Premier Road, Near SBI, Vidyavihar West. Mumbai, MUMBAI, MAHARASHTRA, 400086","Nirali Gopani","710/711 Skyline Wealth Space, , Premier Road, Near SBI, Vidyavihar West. Mumbai, MUMBAI, MAHARASHTRA, 400086","","","","","","niraligopani@gmail.com","0912225100447","Aug 05, 2019 - Perpetual","https://www.sebi.gov.in/sebiweb/other/OtherAction.do?doRecognisedFpi=yes&intmId=33"
"475","Registered Portfolio Managers","33","19","Upachaya Wealth Advisors LLP","","INP000009986","agarwalvandana1978@gmail.com","091009833084533","091009833084533","Unit No 535 part, H Wing, Kanakia Zillion, Junction KF LBS Marg and CST Road, Kurla West, MUMBAI, MAHARASHTRA, 400070","Vandana Agarwal","","","","","http: www.Upachaya.co.in","","agarwalvandana1978@gmail.com","091009833084533","May 06, 2026 - Perpetual","https://www.sebi.gov.in/sebiweb/other/OtherAction.do?doRecognisedFpi=yes&intmId=33"
"476","Registered Portfolio Managers","33","20","UTI Alternatives Private Limited","","INP000007526","ayushi.mittal@uti.co.in","910008447011387","","UTI Tower, GN Block, Bandra Kurla Complex, Bandra East, MUMBAI, MAHARASHTRA, 400051","Ayushi Mittal","The Circle, 5th Floor, Huda City Centre Metro Station, GURGAON, HARYANA, 122002","","","","","","ayushi.mittal@uti.co.in","910008447011387","Aug 10, 2022 - Perpetual","https://www.sebi.gov.in/sebiweb/other/OtherAction.do?doRecognisedFpi=yes&intmId=33"
"477","Registered Portfolio Managers","33","20","UTI ASSET MANAGEMENT COMPANY PVT LTD","","INP000000860","","","","UTI TOWER, GN BLOCK,, BANDRA-KURLA COMPLEX,, MUMBAI, MAHARASHTRA, 400051","","UTI TOWER, GN BLOCK, BANDRA-KURLA COMPLEX, MUMBAI, MAHARASHTRA, 400051","","","","utiwms.com/","","","","Feb 01, 2016 - Perpetual","https://www.sebi.gov.in/sebiweb/other/OtherAction.do?doRecognisedFpi=yes&intmId=33"
"478","Registered Portfolio Managers","33","20","V.E.C Assago Capital Management LLP","","INP000008701","rajendra.khatu@vecinvestments.com","0912243470883","","1111, 11th Floor, Raheja Chamber 213, Nariman Point, MUMBAI, MAHARASHTRA, 400021","Tanmay Oak","1111, 11th Floor, Raheja Chamber 213, Nariman Point, MUMBAI, MAHARASHTRA, 400021","","","","Under constuction","","rajendra.khatu@vecinvestments.com","0912243470883","May 06, 2024 - Perpetual","https://www.sebi.gov.in/sebiweb/other/OtherAction.do?doRecognisedFpi=yes&intmId=33"
"479","Registered Portfolio Managers","33","20","VAL-Q INVESTMENT ADVISORY PRIVATE LIMITED","","INP000004581","","9870404494","9870404494","603 , Balarama , Bandra Kurla Complex , Bandra EAST, MUMBAI, MAHARASHTRA, 400051","Yesha Shah","301, Madhava, Bandra Kurla Complex, Bandra (E), MUMBAI, MAHARASHTRA, 400051","","","","val-q.co.in","","","9870404494","Dec 05, 2014 - Perpetual","https://www.sebi.gov.in/sebiweb/other/OtherAction.do?doRecognisedFpi=yes&intmId=33"
"480","Registered Portfolio Managers","33","20","Valcreate Investment Managers LLP","","INP000007599","dpk.jkumar@outlook.com","91809739112869","91809739112869","203 Sunder Bhavan 16th Road Khar W, MUMBAI, MAHARASHTRA, 400052","Deepak Jayakumar","203 Sunder Bhavan 16th Road Khar W, MUMBAI, MAHARASHTRA, 400052","","","","valcreate.com/","","dpk.jkumar@outlook.com","91809739112869","Oct 28, 2022 - Perpetual","https://www.sebi.gov.in/sebiweb/other/OtherAction.do?doRecognisedFpi=yes&intmId=33"
"481","Registered Portfolio Managers","33","20","VALENTIS ADVISORS PRIVATE LIMITED","","INP000005125","ashish.shah@valentisadvisors.com","91222267470251","91222267470251","312, 12th Floor, Shalaka, 9 M. Karve Road, Cooperage, MUMBAI, MAHARASHTRA, 400021","Ashish Shah","1313, Dalamal Tower, Nariman Point, MUMBAI, MAHARASHTRA, 400021","","","","www.valentisadvisors.com","","ashish.shah@valentisadvisors.com","91222267470251","May 30, 2016 - Perpetual","https://www.sebi.gov.in/sebiweb/other/OtherAction.do?doRecognisedFpi=yes&intmId=33"
"482","Registered Portfolio Managers","33","20","Vallum Capital Advisors Private Limited","","INP000007650","madhavi.gore@vallum.in","910228655664538","910228655664538","B-403, Kanakia Wall Street, , Andheri Kurla Road, Chakala MIDC, MUMBAI, MAHARASHTRA, 400093","Madhavi Gore","B-403, Kanakia Wall Street, , Andheri Kurla Road, Chakala MIDC, MUMBAI, MAHARASHTRA, 400093","","","","","","madhavi.gore@vallum.in","910228655664538","Nov 30, 2022 - Perpetual","https://www.sebi.gov.in/sebiweb/other/OtherAction.do?doRecognisedFpi=yes&intmId=33"
"483","Registered Portfolio Managers","33","20","Valtrust Partners LLP","","INP100007578","co@valtrustcapital.com","91004428341032","91004428341032","Unit 315 and 315A, Rectangle 1, D-4, Saket, Saket (South Delhi), NEW DELHI, NATIONAL CAPITAL TERRITORY OF DELHI, 110017","Anushri Chandak","Unit 315 and 315A, Rectangle 1, D-4, Saket, Saket (South Delhi), NEW DELHI, NATIONAL CAPITAL TERRITORY OF DELHI, 110017","","","","","","co@valtrustcapital.com","91004428341032","Oct 06, 2022 - Perpetual","https://www.sebi.gov.in/sebiweb/other/OtherAction.do?doRecognisedFpi=yes&intmId=33"
"484","Registered Portfolio Managers","33","20","Value Prolific Investments and Consulting Private Limited","","INP100007189","pratap.singh@valpro.co.in","9101146001023","9101146001023","F-3 , Bhagat Singh Market, New Delhi, NEW DELHI, NATIONAL CAPITAL TERRITORY OF DELHI, 110001","Pratap Singh","A-125, Neeti Bagh, New Delhi, NEW DELHI, NATIONAL CAPITAL TERRITORY OF DELHI, 110049","","","","valpro.co.in","","pratap.singh@valpro.co.in","9101146001023","Apr 01, 2021 - Perpetual","https://www.sebi.gov.in/sebiweb/other/OtherAction.do?doRecognisedFpi=yes&intmId=33"
"485","Registered Portfolio Managers","33","20","VALUEQUEST INVESTMENT ADVISORS PVT. LTD.","","INP000003724","HITEN@VALUEQUEST.IN","9102269394444","9102269394444","QUEST, 6TH FLOOR, 1073, RAJABHAU DESAI MARG,, BEHIND BEAU MONDE TOWERS, PRABHADEVI, MUMBAI, MAHARASHTRA, 400025","HITEN GALA","QUEST, 6TH FLOOR, 1073, RAJABHAU DESAI MARG, BEHIND BEAU MONDE TOWERS, PRABHADEVI, MUMBAI, MAHARASHTRA, 400025","","","","https://www.valuequest.in/","","HITEN@VALUEQUEST.IN","9102269394444","Jun 09, 2016 - Perpetual","https://www.sebi.gov.in/sebiweb/other/OtherAction.do?doRecognisedFpi=yes&intmId=33"
"486","Registered Portfolio Managers","33","20","VANSH CAPITAL PRIVATE LIMITED","","INP000009579","vanshcapitalpmscompliance@gmail.com","0919075976318","0919075976318","795, Bhandarkar Road, Mini Apartment, Near Metro Police Lab, Deccan Gymkhana, PUNE, MAHARASHTRA, 411004","Shrawani Salunke","795, Bhandarkar Road, Mini Apartment, Near Metro Police Lab, Deccan Gymkhana, PUNE, MAHARASHTRA, 411004","","","","","","vanshcapitalpmscompliance@gmail.com","0919075976318","Aug 05, 2025 - Perpetual","https://www.sebi.gov.in/sebiweb/other/OtherAction.do?doRecognisedFpi=yes&intmId=33"
"487","Registered Portfolio Managers","33","20","VARANIUM CAPITAL ADVISORS PRIVATE LIMITED","","INP000005281","","","","1416 14th floor One Lodha Place, Senapati Bapat Marg Lower Parel Delisle Road, MUMBAI, MAHARASHTRA, 400013","","603, 6th Floor, Lodha Supremus, Senapati Bapat Marg, Lower Parel, MUMBAI, MAHARASHTRA, 400013","","","","","","","","Dec 08, 2016 - Perpetual","https://www.sebi.gov.in/sebiweb/other/OtherAction.do?doRecognisedFpi=yes&intmId=33"
"488","Registered Portfolio Managers","33","20","VENTURA SECURITIES LIMITED","","INP000004094","","02228264297","02228264297","E DHANUR, 15, SIR P.M. ROAD, , FORT,, MUMBAI, MAHARASHTRA, 400079","DWARIKA PRASAD SINGH","","","","","venturasecurities.com/","","","02228264297","Jan 05, 2017 - Perpetual","https://www.sebi.gov.in/sebiweb/other/OtherAction.do?doRecognisedFpi=yes&intmId=33"
"489","Registered Portfolio Managers","33","20","VIREYA CAPITAL MANAGEMENT LLP","","INP000009861","rakhi.notani@vireyacapital.com","91022000000000","91022000000000","23 Amarpali Indl Estate, Ram Mandir Road, Goregaon Police Station, Goregaon West, MUMBAI, MAHARASHTRA, 400104","Rakhi Notani","B 406, Floor no,4, Jaswanti Allied Business Center premises CSL, Ramchandra Exten Lane, Kanchpada, Malad West, MUMBAI, MAHARASHTRA, 400064","","","","https://www.vireyacapital.com/","","rakhi.notani@vireyacapital.com","91022000000000","Feb 24, 2026 - Perpetual","https://www.sebi.gov.in/sebiweb/other/OtherAction.do?doRecognisedFpi=yes&intmId=33"
"490","Registered Portfolio Managers","33","20","Vivekam Financial Services Private Limited","","INP000009481","info@vivekam.co.in","9104023549941","","Plot No 57, Road No 71, Jubilee Hills, HYDERABAD, TELANGANA, 500096","YASHWANT VEMURU","Plot No 57, Road No 71, Jubilee Hills, HYDERABAD, TELANGANA, 500096","","","","","","info@vivekam.co.in","9104023549941","Jun 05, 2025 - Perpetual","https://www.sebi.gov.in/sebiweb/other/OtherAction.do?doRecognisedFpi=yes&intmId=33"
"491","Registered Portfolio Managers","33","20","VIVRITI ASSET MANAGEMENT PRIVATE LIMITED","","INP000008330","","","","","","","","","","","","","","Oct 04, 2023 - Perpetual","https://www.sebi.gov.in/sebiweb/other/OtherAction.do?doRecognisedFpi=yes&intmId=33"
"492","Registered Portfolio Managers","33","20","VIVRITI FUNDS PRIVATE LIMITED","","INP000009913","contact@vivritifunds.com","9104440074811","","PRESTIGE ZACKRIA METROPOLITAN, 8TH FLOOR, BLOCK 1, ANNASALAI, CHENNAI, TAMIL NADU, 600002","Ajay Kejriwal","PRESTIGE ZACKRIA METROPOLITAN, 8TH FLOOR, BLOCK 1, ANNASALAI, CHENNAI, TAMIL NADU, 600002","","","","","","contact@vivritifunds.com","9104440074811","Apr 01, 2026 - Perpetual","https://www.sebi.gov.in/sebiweb/other/OtherAction.do?doRecognisedFpi=yes&intmId=33"
"493","Registered Portfolio Managers","33","20","VSPARTANS CONSULTANTS PRIVATE LIMITED","","INP000009083","nishi@vspartans.in","0918130811911","0918130811911","346 Basement, Sector 38, Gurgaon, GURUGRAM, HARYANA, 122001","Nishi Singhal","F.NO.101 IMPERIAL PARK PLOT NO. 4A , DHARAMPETH, NAGPUR, MAHARASHTRA, 440010","","","","","","nishi@vspartans.in","0918130811911","Nov 04, 2024 - Perpetual","https://www.sebi.gov.in/sebiweb/other/OtherAction.do?doRecognisedFpi=yes&intmId=33"
"494","Registered Portfolio Managers","33","20","Wallfort Fund Management LLP","","INP000006192","chirag@wallfortpms.com","09108591350158","09108591350158","207, Floor 2, Plot-5 B,Jeevan Vihar,, Manav Mandir Road, Teen Batti, MUMBAI, MAHARASHTRA, 400006","Chirag Jain","209, 2nd Floor,58/64 Hari Chambers, Shahid Bhagat Singh Marg,Fort, MUMBAI, MAHARASHTRA, 400001","","","","","","chirag@wallfortpms.com","09108591350158","Oct 23, 2018 - Perpetual","https://www.sebi.gov.in/sebiweb/other/OtherAction.do?doRecognisedFpi=yes&intmId=33"
"495","Registered Portfolio Managers","33","20","Waterfield Financial and Investment Advisors Private Limited","","INP000007818","shilpa.dadhich@waterfieldadvisors.com","000919987538394","000919987538394","142 Maker Chamber VI , 220 Jamnalal Bajaj Marg Nariman Point, MUMBAI, MAHARASHTRA, 400021","Shilpa Dadhich","142 Maker Chamber VI , 220 Jamnalal Bajaj Marg Nariman Point, MUMBAI, MAHARASHTRA, 400021","","","","","","shilpa.dadhich@waterfieldadvisors.com","000919987538394","Feb 14, 2023 - Perpetual","https://www.sebi.gov.in/sebiweb/other/OtherAction.do?doRecognisedFpi=yes&intmId=33"
"496","Registered Portfolio Managers","33","20","Waterfield Fund Managers Private Limited","","INP000008288","shivani.sharma@waterfieldadvisors.com","00919987358249","00919987358249","142 Maker Chamber VI 220 , Jamnalal Bajaj Marg Nariman Point, MUMBAI, MAHARASHTRA, 400021","Shivani Sharma","Unit no 07 7th office level equivalent to the 14th floor Avighna House, 82 Annie Besant Road Worli, MUMBAI, MAHARASHTRA, 400018","","","","","","shivani.sharma@waterfieldadvisors.com","00919987358249","Sep 07, 2023 - Perpetual","https://www.sebi.gov.in/sebiweb/other/OtherAction.do?doRecognisedFpi=yes&intmId=33"
"497","Registered Portfolio Managers","33","20","Wave Asset Private Limited","","INP000008428","contact@waveasset.in","0919820001645","","Flat No 902, RNA Mirage, S K Ahire Marg, Worli, MUMBAI, MAHARASHTRA, 400030","Karan Gupta","Flat No 902, RNA Mirage, S K Ahire Marg, Worli, MUMBAI, MAHARASHTRA, 400030","","","","","","contact@waveasset.in","0919820001645","Dec 13, 2023 - Perpetual","https://www.sebi.gov.in/sebiweb/other/OtherAction.do?doRecognisedFpi=yes&intmId=33"
"498","Registered Portfolio Managers","33","20","WAY2WEALTH BROKERS PRIVATE LTD.","","INP000000829","sandhya@way2wealth.com","9108043676869","9108043676869","RUKMINI TOWERS, 3RD and 4TH FLOOR,, NO. 3 1, PLATFORM ROAD,SHESHADRIPURAM,, BANGALORE, KARNATAKA, 560020","Sandhya Sandhya","3rd Floor Rukmini Towers 3 bar 1 , Sheshadripuram Bengaluru 560 020, BANGALORE, KARNATAKA, 560020","","","","","","sandhya@way2wealth.com","9108043676869","Jun 16, 2015 - Perpetual","https://www.sebi.gov.in/sebiweb/other/OtherAction.do?doRecognisedFpi=yes&intmId=33"
"499","Registered Portfolio Managers","33","20","WAYA FINANCIAL TECHNOLOGIES PRIVATE LIMITED","","INP000008987","rupesh.patil@thewaya.com","00919029832742","00919029832742","3602, A Wing, Rustomjee Elanza,, Off Link Road, Malad West,, MUMBAI, MAHARASHTRA, 400064","Rupesh Patil","805, DLH Park, S.V Road, Goregaon West, MUMBAI, MAHARASHTRA, 400062","","","","","","rupesh.patil@thewaya.com","00919029832742","Sep 10, 2024 - Perpetual","https://www.sebi.gov.in/sebiweb/other/OtherAction.do?doRecognisedFpi=yes&intmId=33"
"500","Registered Portfolio Managers","33","20","WEALTH FIRST PORTFOLIO MANAGERS LIMITED","","INP000006332","nikhil@wealthfirst.biz","07907940240000","07907940240000","CAPITOL HOUSE, 10 PARAS-II, NEAR CAMPUS CORNER,, PRAHALADNAGAR, ANANDNAGAR, ABD 380015, AHMEDABAD, GUJARAT, 380015","NIKHIL JAIN","CAPITOL HOUSE, 10 PARAS-II, NEAR CAMPUS CORNER, PRAHALADNAGAR, ANANDNAGAR, ABD 380015, AHMEDABAD, GUJARAT, 380015","","","","wealth-firstonline.com/pms","","nikhil@wealthfirst.biz","07907940240000","Dec 21, 2018 - Perpetual","https://www.sebi.gov.in/sebiweb/other/OtherAction.do?doRecognisedFpi=yes&intmId=33"
"501","Registered Portfolio Managers","33","21","Wealth India Financial Services Private Limited","","INP000009393","s.saradapriya@fundsindia.com","04404443443135","04404443443135","3rd floor, Indiqube Wave,438 1,, TR Sundaram Avenue, Anna Salai,Chennai, CHENNAI, TAMIL NADU, 600006","Sarada Priya","3rd floor, Indiqube Wave,438 1, TR Sundaram Avenue, Anna Salai,Chennai, CHENNAI, TAMIL NADU, 600006","","","","","","s.saradapriya@fundsindia.com","04404443443135","Apr 04, 2025 - Perpetual","https://www.sebi.gov.in/sebiweb/other/OtherAction.do?doRecognisedFpi=yes&intmId=33"
"502","Registered Portfolio Managers","33","21","Wealth Managers India Private Limited","","INP000001660","mandar@wealthmanagers.co.in","91202067636100","","3rd Floor, No 23, Old Airport Road, Bengluru, BANGALORE, KARNATAKA, 560008","Vedkumar Zirange","3rd Floor, No 23, Old Airport Road, Bengluru, BANGALORE, KARNATAKA, 560008","","","","","","mandar@wealthmanagers.co.in","91202067636100","Dec 13, 2023 - Perpetual","https://www.sebi.gov.in/sebiweb/other/OtherAction.do?doRecognisedFpi=yes&intmId=33"
"503","Registered Portfolio Managers","33","21","WEALTHBRIDGE CAPITAL ADVISORS PRIVATE LIMITED","","INP000005240","","","","82 GUNROCK ENCLAVE (FF), PHASE 1, ANDHRA PRADESH, 500009","","82 GUNROCK ENCLAVE (FF), PHASE 1, SECUNDERABAD, ANDHRA PRADESH, 500009","","","","wealthbridge.in/","","","","Sep 26, 2016 - Perpetual","https://www.sebi.gov.in/sebiweb/other/OtherAction.do?doRecognisedFpi=yes&intmId=33"
"504","Registered Portfolio Managers","33","21","Welspun One Investment Management Private limited","","INP000009463","companysecretary_wolp@welspun.com","9102266136000","","7 flr Welspun House Kamala Mills Compound, Lower Parel, MUMBAI, MAHARASHTRA, 400013","Jonty Motwani","Welspun One Dextrus 6th floor Peninsula Towers, Peninsula Corporate Park Lower Parel West, MUMBAI, MAHARASHTRA, 400013","","","","","","companysecretary_wolp@welspun.com","9102266136000","Jun 04, 2025 - Perpetual","https://www.sebi.gov.in/sebiweb/other/OtherAction.do?doRecognisedFpi=yes&intmId=33"
"505","Registered Portfolio Managers","33","21","White Pine Investment Management Private Limited","","INP000007331","Keshav.karwa@whitepineim.com","91229892389102","91229892389102","A1302, A Wing, Millenium Court Building, Jogeshwari west, MUMBAI, MAHARASHTRA, 400102","Keshav Karwa","A1302, A Wing, Millenium Court Building, Jogeshwari west, MUMBAI, MAHARASHTRA, 400102","","","","whitepineim.in/","","Keshav.karwa@whitepineim.com","91229892389102","Feb 07, 2022 - Perpetual","https://www.sebi.gov.in/sebiweb/other/OtherAction.do?doRecognisedFpi=yes&intmId=33"
"506","Registered Portfolio Managers","33","21","WHITE STONE FINANCIAL ADVISORS PRIVATE LIMITED","","INP000009533","vinayrokadia@yahoo.com","9102240155431","9102240155431","Office no 407 , 4th FLOOR, P J Towers, Dalal Street , Mumbai City, MUMBAI, MAHARASHTRA, 400001","VINAY ROKADIA","Office no 407 , 4th FLOOR, P J Towers, Dalal Street , Mumbai City, MUMBAI, MAHARASHTRA, 400001","","","","","","vinayrokadia@yahoo.com","9102240155431","Jul 09, 2025 - Perpetual","https://www.sebi.gov.in/sebiweb/other/OtherAction.do?doRecognisedFpi=yes&intmId=33"
"507","Registered Portfolio Managers","33","21","White Whale Partners LLP","","INP000006970","sparikh@whitewhale.in","910009920011828","910009920011828","206, Prospect Chambers, 2nd Floor, Dr. D. N. Road, Fort, MUMBAI, MAHARASHTRA, 400001","Shapath Parikh","206, Prospect Chambers, 2nd Floor, Dr. D. N. Road, Fort, MUMBAI, MAHARASHTRA, 400001","","","","whitewhale.in/","","sparikh@whitewhale.in","910009920011828","Jan 14, 2020 - Perpetual","https://www.sebi.gov.in/sebiweb/other/OtherAction.do?doRecognisedFpi=yes&intmId=33"
"508","Registered Portfolio Managers","33","21","WhiteOak Capital Asset Management Limited","","INP000007766","prannav.shah@whiteoakinvestors.com","00002269463518","00002269463518","Unit No. B4, 6th Floor, Cnergy, Appasaheb Marathe Marg, Prabhadevi, MUMBAI, MAHARASHTRA, 400025","Prannav Shah","Unit No. B4, 6th Floor, Cnergy, Appasaheb Marathe Marg, Prabhadevi, MUMBAI, MAHARASHTRA, 400025","","","","pms.whiteoakamc.com","","prannav.shah@whiteoakinvestors.com","00002269463518","Jan 13, 2023 - Perpetual","https://www.sebi.gov.in/sebiweb/other/OtherAction.do?doRecognisedFpi=yes&intmId=33"
"509","Registered Portfolio Managers","33","21","WILLOW ADVISORS LLP","","INP000006925","compliance@willowadvisors.in","9102222181074","9102222181074","302 A, Floor G, Plot 102, Sylverton Building, Nathalal Parikh Marg, Colaba, MUMBAI, MAHARASHTRA, 400005","Vaibhavi Gala","302 A, Floor G, Plot 102, Sylverton Building, Nathalal Parikh Marg, Colaba, MUMBAI, MAHARASHTRA, 400005","","","","http://willowadvisors.in/","","compliance@willowadvisors.in","9102222181074","Nov 18, 2019 - Perpetual","https://www.sebi.gov.in/sebiweb/other/OtherAction.do?doRecognisedFpi=yes&intmId=33"
"510","Registered Portfolio Managers","33","21","Windmill Capital Private Limited","","INP000009852","compliance@windmillcapital.in","9108296014433","9108296014433","No 51, 3rd Floor, Le Parc Richmonde, Richmond Road, Shantala Nagar, BANGALORE, KARNATAKA, 560025","Mayank Bansal","No 51, 3rd Floor, Le Parc Richmonde, Richmond Road, Shantala Nagar, BANGALORE, KARNATAKA, 560025","","","","https://pms.windmillcapital.in/","","compliance@windmillcapital.in","9108296014433","Feb 17, 2026 - Perpetual","https://www.sebi.gov.in/sebiweb/other/OtherAction.do?doRecognisedFpi=yes&intmId=33"
"511","Registered Portfolio Managers","33","21","Wryght Research & Capital Private Limited","","INP000007979","siddhesh@wrightresearch.in","00919619303157","00919619303157","103, Shagun Vatika, Prag Narayan Road, LUCKNOW, UTTAR PRADESH, 226001","Siddhesh More","B Wing, 815 A, The Capital, G Block, Bandra Kurla Complex, MUMBAI, MAHARASHTRA, 400098","","","","","","siddhesh@wrightresearch.in","00919619303157","Apr 03, 2023 - Perpetual","https://www.sebi.gov.in/sebiweb/other/OtherAction.do?doRecognisedFpi=yes&intmId=33"
"512","Registered Portfolio Managers","33","21","WSB Real Estate Partners Pvt Ltd","","INP000009092","dimple@wsbindia.com","9102267353035","","Unit No.215, The Capital, G Block, Bandra Kurla Complex, Bandra East, MUMBAI, MAHARASHTRA, 400051","Dimple Jain","Unit No.215, The Capital, G Block, Bandra Kurla Complex, Bandra East, MUMBAI, MAHARASHTRA, 400051","","","","","","dimple@wsbindia.com","9102267353035","Nov 07, 2024 - Perpetual","https://www.sebi.gov.in/sebiweb/other/OtherAction.do?doRecognisedFpi=yes&intmId=33"
"513","Registered Portfolio Managers","33","21","Xponent Tribe LLP","","INP000008516","akshay@xponentribe.com","0919773868160","","301, Floor-3,342, Shubh Chetnah Chs Maulana, , Shaukat Ali Road, Bharat Nagar, Grant Road,, MUMBAI, MAHARASHTRA, 400007","Yash Jogani","301, Floor-3,342, Shubh Chetnah Chs Maulana, , Shaukat Ali Road, Bharat Nagar, Grant Road, MUMBAI, MAHARASHTRA, 400007","","","","","","akshay@xponentribe.com","0919773868160","Jan 03, 2024 - Perpetual","https://www.sebi.gov.in/sebiweb/other/OtherAction.do?doRecognisedFpi=yes&intmId=33"
"514","Registered Portfolio Managers","33","21","XPONENTIA CAPITAL PARTNERS LLP","","INP000007483","varuna@xponentia.in","910009833949536","910009833949536","Apartment No 201B Sarjan Plaza, 100 Dr Annie Besant Road Worli, MUMBAI, MAHARASHTRA, 400018","Varuna Agarwal","Apartment No 201B Sarjan Plaza, 100 Dr Annie Besant Road Worli, MUMBAI, MAHARASHTRA, 400018","","","","","","varuna@xponentia.in","910009833949536","Jul 29, 2022 - Perpetual","https://www.sebi.gov.in/sebiweb/other/OtherAction.do?doRecognisedFpi=yes&intmId=33"
"515","Registered Portfolio Managers","33","21","ZEN WEALTH MANAGEMENT SERVICES LIMITED","","INP000000936","","914044232215","914044232215","6-3-788/32, 3RD FLOOR, VAMSEE ESTATE, OPP. CHANDANA BROS, AMEERPET, HYDERABAD, ANDHRA PRADESH, 500016","ANASUYA SAHU","6-3-788/32, 3RD FLOOR, VAMSEE ESTATE, OPP. CHANDANA BROS, AMEERPET, HYDERABAD, ANDHRA PRADESH, 500016","","","","zenwealth.in/","","","914044232215","Apr 01, 2016 - Perpetual","https://www.sebi.gov.in/sebiweb/other/OtherAction.do?doRecognisedFpi=yes&intmId=33"
"516","Registered Portfolio Managers","33","21","Zeva Capsol Private Limited","","INP000007872","anil.gudibande@1crowd.co","00919821141938","00919821141938","101 Siddhivinayak 1st Road Union Park , Khar West, MUMBAI, MAHARASHTRA, 400052","Anil Gudibande","","","","","1crowd.co/","","anil.gudibande@1crowd.co","00919821141938","Mar 10, 2023 - Perpetual","https://www.sebi.gov.in/sebiweb/other/OtherAction.do?doRecognisedFpi=yes&intmId=33"
